loss,mae,mse,val_loss,val_mae,val_mse
12002341.5625,2897.738037109375,12002341.0,11590850.2,2857.211181640625,11590850.0
10286749.23125,2698.130126953125,10286752.0,6188487.85,2144.832763671875,6188487.5
3607102.021875,1574.8199462890625,3607101.75,764478.440625,697.8260498046875,764478.375
511982.28828125,551.3532104492188,511982.1875,438441.615625,486.98388671875,438441.6875
351983.370703125,458.22930908203125,351983.375,370071.7421875,463.1481628417969,370071.71875
279000.26015625,422.8377990722656,279000.28125,328349.3765625,442.77716064453125,328349.375
251240.4669921875,401.2696838378906,251240.46875,265297.56875,411.5075378417969,265297.5625
238858.5125,391.03961181640625,238858.5,236142.2984375,395.4954528808594,236142.265625
231544.85234375,385.4631652832031,231544.828125,225702.5015625,384.8336486816406,225702.5
225236.28203125,381.0757751464844,225236.28125,224945.0203125,387.6259460449219,224945.03125
219085.4365234375,377.0633850097656,219085.46875,220068.39921875,383.6152648925781,220068.40625
214669.7171875,373.53131103515625,214669.734375,222376.80234375,387.64788818359375,222376.8125
209780.0767578125,370.49493408203125,209780.078125,210864.3140625,377.7306213378906,210864.3125
204498.4650390625,365.7373352050781,204498.5,204763.9078125,371.90325927734375,204763.90625
201769.473828125,363.19268798828125,201769.5,197884.034375,364.5074768066406,197884.046875
196649.0376953125,358.4266662597656,196649.046875,194775.553125,361.4612731933594,194775.5625
192950.6767578125,355.2379150390625,192950.6875,187580.12734375,352.2022399902344,187580.125
188703.7361328125,350.6664733886719,188703.75,184073.69140625,349.3897399902344,184073.6875
184480.4439453125,346.5321350097656,184480.4375,182709.1921875,348.918701171875,182709.203125
182121.644921875,343.703369140625,182121.625,177427.2015625,341.66064453125,177427.203125
178094.2796875,339.44354248046875,178094.28125,173546.93828125,336.1001281738281,173546.921875
175498.891796875,335.41387939453125,175498.921875,171270.33515625,334.25738525390625,171270.3125
173209.6505859375,332.6039733886719,173209.671875,168412.70234375,327.5135192871094,168412.703125
170530.160546875,329.5841979980469,170530.1875,167120.46953125,326.471435546875,167120.453125
166937.8513671875,325.1484069824219,166937.875,162964.88984375,323.27166748046875,162964.890625
165030.942578125,322.3000183105469,165030.90625,161324.23828125,320.5985107421875,161324.234375
162818.641015625,319.5318603515625,162818.640625,158933.75546875,318.1455383300781,158933.765625
162049.4994140625,317.691162109375,162049.515625,159166.74296875,314.84197998046875,159166.75
161031.3482421875,315.64080810546875,161031.359375,156270.78203125,315.1025695800781,156270.765625
159018.1419921875,312.9051513671875,159018.15625,154668.93046875,311.4863586425781,154668.921875
160178.22421875,312.3985900878906,160178.203125,154437.7984375,311.26397705078125,154437.78125
156208.4287109375,308.47698974609375,156208.390625,153162.07734375,307.8128662109375,153162.09375
154803.765625,307.03619384765625,154803.765625,151937.60078125,303.8246154785156,151937.59375
154831.5119140625,305.666015625,154831.515625,149999.49765625,303.2432861328125,149999.484375
154214.0435546875,303.7318420410156,154214.0625,149770.6453125,303.8275451660156,149770.65625
152995.915625,302.8878479003906,152995.953125,148449.530078125,300.6603088378906,148449.515625
152346.60654296874,300.7706298828125,152346.578125,148862.669921875,300.8113708496094,148862.65625
152083.8509765625,300.2452087402344,152083.84375,147259.164453125,295.54693603515625,147259.15625
150616.3427734375,298.2969055175781,150616.359375,147450.9171875,295.8833923339844,147450.921875
150198.753515625,296.98028564453125,150198.765625,147482.13359375,298.3489685058594,147482.140625
148652.6837890625,295.3681945800781,148652.65625,145653.84453125,294.4855651855469,145653.84375
148226.19033203126,294.2651672363281,148226.21875,150038.941796875,299.6688537597656,150038.921875
150918.297265625,295.9327392578125,150918.3125,145737.754296875,292.523681640625,145737.75
148242.54970703126,293.6488952636719,148242.546875,146071.709375,289.8033752441406,146071.703125
151013.5673828125,294.5632629394531,151013.5625,145455.48828125,295.7742004394531,145455.484375
146866.56181640626,291.5670471191406,146866.5625,143954.1703125,291.55810546875,143954.171875
147026.2943359375,291.30426025390625,147026.28125,144211.4515625,293.3540344238281,144211.453125
146431.86865234375,290.7729797363281,146431.875,145043.105859375,291.6486511230469,145043.078125
147566.02265625,290.5734558105469,147566.015625,142652.581640625,290.2662353515625,142652.5625
146687.751953125,290.166015625,146687.734375,142202.8453125,285.4939270019531,142202.859375
146178.64609375,289.5138854980469,146178.65625,141335.377734375,287.00762939453125,141335.390625
145133.1591796875,288.0947570800781,145133.140625,142585.75625,290.092529296875,142585.75
144202.9701171875,287.36090087890625,144202.96875,142660.676171875,288.1414794921875,142660.6875
146214.5525390625,288.0208435058594,146214.546875,140977.048828125,287.64739990234375,140977.046875
145246.35419921874,286.3325500488281,145246.34375,140997.713671875,287.5433654785156,140997.703125
144252.3404296875,286.1506042480469,144252.3125,142016.210546875,285.124755859375,142016.21875
144773.2685546875,286.3345031738281,144773.28125,139885.123828125,282.78228759765625,139885.125
144059.528515625,285.3516540527344,144059.5625,141624.20546875,288.2753601074219,141624.21875
144201.87685546876,284.53662109375,144201.875,139761.181640625,285.6361389160156,139761.203125
142014.9939453125,283.4393615722656,142015.03125,139089.891796875,283.7882385253906,139089.90625
144096.96689453124,284.32122802734375,144096.953125,138680.961328125,281.6214294433594,138680.96875
143876.37333984376,284.1475524902344,143876.34375,138396.6484375,280.731689453125,138396.640625
144040.37666015624,283.60009765625,144040.375,141593.981640625,284.7062072753906,141593.984375
144452.44208984374,284.3574523925781,144452.421875,138521.64375,278.54412841796875,138521.640625
142999.77265625,282.7385559082031,142999.78125,137792.190625,281.0781555175781,137792.203125
142565.52783203125,282.1459045410156,142565.53125,138809.452734375,278.7937316894531,138809.453125
141275.25283203126,281.4810791015625,141275.234375,140268.09375,286.02386474609375,140268.078125
144595.86015625,283.3505554199219,144595.859375,139365.4234375,279.3746337890625,139365.421875
142503.47333984374,281.772216796875,142503.484375,137643.077734375,281.1636047363281,137643.078125
142170.3724609375,281.4829406738281,142170.375,140833.71875,285.0992431640625,140833.734375
141421.98798828124,280.85406494140625,141421.984375,137022.848046875,279.9691162109375,137022.84375
142802.84892578126,281.3614807128906,142802.875,143189.8125,288.1694641113281,143189.8125
143196.64677734376,282.3143005371094,143196.609375,138239.99609375,282.6522521972656,138240.0
140160.31044921876,279.8345947265625,140160.296875,136955.791015625,280.48870849609375,136955.78125
141984.95107421876,280.55682373046875,141984.953125,138356.697265625,281.2318115234375,138356.703125
142400.9857421875,281.32611083984375,142401.0,137287.396484375,275.40576171875,137287.390625
140572.21328125,279.7238464355469,140572.21875,136637.24375,280.0454406738281,136637.25
140515.45498046876,279.0753173828125,140515.453125,136383.191796875,278.4531555175781,136383.1875
141071.94267578126,279.56768798828125,141071.953125,137871.205859375,281.482666015625,137871.234375
140102.275390625,278.80865478515625,140102.265625,137634.507421875,278.9283142089844,137634.5
138038.5138671875,277.2162780761719,138038.515625,140734.4484375,285.0174255371094,140734.46875
138973.35556640624,277.71771240234375,138973.359375,135891.58125,278.9388122558594,135891.59375
140512.00458984374,279.16986083984375,140512.0,135199.856640625,273.2569580078125,135199.875
140793.36103515624,278.37518310546875,140793.34375,134527.31953125,275.9227600097656,134527.3125
140303.15615234376,278.02520751953125,140303.125,134692.54453125,277.1534118652344,134692.5625
138449.33466796874,276.9661865234375,138449.34375,136734.89921875,279.9296569824219,136734.890625
139141.6958984375,277.166748046875,139141.703125,133952.126171875,275.8668212890625,133952.140625
138483.7314453125,276.4903869628906,138483.71875,133889.162890625,272.55078125,133889.171875
136997.39462890624,275.3891296386719,136997.390625,133931.777734375,271.30828857421875,133931.78125
137053.94423828126,275.2206726074219,137053.9375,133211.21171875,274.34796142578125,133211.21875
138246.54912109376,276.2480773925781,138246.546875,133058.39453125,271.29541015625,133058.390625
136666.13447265624,274.6412658691406,136666.15625,134611.777734375,271.62725830078125,134611.78125
139055.9236328125,276.6602783203125,139055.9375,132145.521484375,272.4310302734375,132145.515625
137248.1462890625,274.7081604003906,137248.140625,133916.70859375,270.7464599609375,133916.703125
137039.34267578126,274.6282653808594,137039.359375,132967.59140625,274.8678894042969,132967.5625
137164.8294921875,274.4886474609375,137164.8125,131508.13671875,272.22955322265625,131508.140625
136067.17314453126,274.1814880371094,136067.171875,131077.69140625,271.47747802734375,131077.703125
137440.17998046876,275.3153381347656,137440.140625,133690.8515625,275.9403991699219,133690.84375
135442.627734375,273.34124755859375,135442.640625,132442.76640625,274.2547607421875,132442.78125
137181.0498046875,274.71044921875,137181.015625,132448.85390625,270.2429504394531,132448.859375
135287.46904296876,272.7601318359375,135287.46875,132548.229296875,272.4960632324219,132548.21875
135196.98759765626,273.5765380859375,135196.984375,134219.719921875,276.4294128417969,134219.71875
135200.22373046874,272.735107421875,135200.203125,129764.448046875,270.4212341308594,129764.453125
133851.5958984375,271.80810546875,133851.609375,129698.8015625,268.77880859375,129698.8125
132053.4818359375,270.33709716796875,132053.515625,132024.28359375,274.0226135253906,132024.28125
135018.79638671875,272.60614013671875,135018.796875,130687.13515625,271.5827941894531,130687.140625
133182.22890625,271.0799560546875,133182.21875,129436.13828125,271.67315673828125,129436.1328125
135354.85908203124,272.27862548828125,135354.875,133594.108984375,275.1072082519531,133594.109375
133421.66845703125,270.6715087890625,133421.6875,127823.4390625,267.49163818359375,127823.4375
132870.13681640624,270.1439514160156,132870.125,128925.55234375,270.0447082519531,128925.5546875
131983.74541015626,269.1324768066406,131983.75,128653.753125,269.4930114746094,128653.7734375
132731.432421875,269.4595947265625,132731.421875,127828.529296875,268.16778564453125,127828.53125
134384.81533203126,270.708740234375,134384.8125,126997.84921875,267.3720703125,126997.8515625
132354.212890625,269.387939453125,132354.203125,126570.956640625,266.84173583984375,126570.9453125
130694.26357421876,267.9649658203125,130694.2734375,126012.519140625,265.4278869628906,126012.515625
129813.10263671874,266.8456726074219,129813.0703125,126768.42421875,266.66387939453125,126768.421875
131706.1501953125,268.8417663574219,131706.15625,128308.345703125,269.9018249511719,128308.3671875
131180.19375,267.8296813964844,131180.171875,125046.440625,264.4615478515625,125046.453125
130889.0853515625,267.166259765625,130889.078125,130095.6328125,272.37982177734375,130095.640625
129682.3859375,266.8603210449219,129682.390625,125340.9625,265.0118713378906,125340.96875
129192.77490234375,266.0654602050781,129192.765625,124708.934375,262.0357360839844,124708.9296875
129085.8451171875,266.2777099609375,129085.875,123761.008984375,262.82965087890625,123761.0
127523.27744140624,264.0957336425781,127523.2421875,123153.701171875,261.4178466796875,123153.703125
127900.858984375,264.8211669921875,127900.8671875,123752.75546875,262.65301513671875,123752.765625
128082.9892578125,264.74969482421875,128082.9921875,123396.7,262.787109375,123396.6953125
127016.7283203125,263.8208923339844,127016.703125,123487.24140625,262.3581848144531,123487.2578125
128675.295703125,264.7943115234375,128675.3046875,122266.53046875,262.23016357421875,122266.53125
127834.933984375,264.36492919921875,127834.921875,122495.473828125,262.1104736328125,122495.4765625
128568.52255859374,264.87353515625,128568.5234375,121540.758984375,258.3149108886719,121540.7578125
127441.96162109375,263.5648498535156,127441.984375,120972.21640625,260.74615478515625,120972.2109375
126802.75947265625,262.87506103515625,126802.765625,119926.78671875,257.17706298828125,119926.78125
125408.67216796875,261.2108154296875,125408.6640625,120201.337109375,259.2132873535156,120201.34375
124942.358203125,261.0453796386719,124942.3515625,119987.725390625,259.338623046875,119987.7265625
127180.17431640625,262.3605651855469,127180.1953125,120204.9921875,259.2692565917969,120205.0078125
125464.017578125,261.2497863769531,125464.0390625,120162.463671875,258.7390441894531,120162.4609375
124204.79599609374,260.04638671875,124204.796875,120981.474609375,261.3077392578125,120981.4765625
123617.5322265625,259.29052734375,123617.5078125,117828.778515625,256.15673828125,117828.7734375
124111.0859375,259.51666259765625,124111.1171875,118245.798828125,256.2455749511719,118245.796875
124368.76005859375,260.0559997558594,124368.78125,118223.405078125,253.7790985107422,118223.4140625
122653.47265625,258.13385009765625,122653.4375,118720.8453125,259.7347106933594,118720.84375
123080.71171875,258.7900695800781,123080.7265625,118415.238671875,258.59210205078125,118415.234375
123911.261328125,259.3837890625,123911.2421875,116364.283203125,254.04049682617188,116364.2890625
122584.56201171875,257.40863037109375,122584.5625,117622.065234375,256.1788024902344,117622.0546875
121749.02578125,256.9087829589844,121749.015625,119420.388671875,258.4360656738281,119420.390625
124031.81884765625,258.1990966796875,124031.8046875,116165.35078125,252.17669677734375,116165.3515625
121766.20615234374,256.5728454589844,121766.21875,115615.6796875,253.40577697753906,115615.6796875
119896.6513671875,254.62551879882812,119896.6640625,115625.15859375,253.11524963378906,115625.1484375
120052.62421875,254.6814727783203,120052.609375,114412.3234375,251.6175537109375,114412.3359375
120459.4947265625,254.8054962158203,120459.484375,115840.3078125,254.08090209960938,115840.3203125
119367.973828125,253.6331787109375,119367.9765625,114212.469140625,250.1907958984375,114212.46875
118761.26591796875,253.22215270996094,118761.28125,114681.705078125,252.16004943847656,114681.6875
119781.09208984375,253.8397216796875,119781.0703125,115300.798828125,253.16375732421875,115300.796875
119337.29287109376,252.78619384765625,119337.3046875,115262.1375,253.0635986328125,115262.140625
117653.397265625,251.4010009765625,117653.375,112935.71796875,249.24705505371094,112935.703125
118363.87451171875,252.05377197265625,118363.875,112735.562890625,248.5440673828125,112735.5625
118001.110546875,250.78701782226562,118001.0859375,112070.6984375,246.95274353027344,112070.6953125
118115.08486328126,250.51844787597656,118115.0859375,113552.255078125,250.43455505371094,113552.2421875
118431.649609375,251.3479461669922,118431.640625,114396.318359375,253.28494262695312,114396.328125
117909.778125,250.46463012695312,117909.7734375,113668.79453125,251.17564392089844,113668.796875
118139.06826171876,250.43064880371094,118139.046875,112527.196484375,250.31027221679688,112527.203125
117261.80966796874,249.39779663085938,117261.8125,110535.967578125,244.3843231201172,110535.9765625
117061.66396484376,249.2445526123047,117061.671875,113277.917578125,251.16957092285156,113277.9296875
117243.79853515625,248.61929321289062,117243.8125,114378.541015625,251.26185607910156,114378.546875
116773.75458984375,248.75172424316406,116773.7578125,109538.892578125,243.32589721679688,109538.890625
115925.91923828125,247.53175354003906,115925.9140625,108987.911328125,242.20155334472656,108987.9140625
117556.95966796875,248.4738006591797,117556.96875,109563.573046875,241.97830200195312,109563.5703125
115218.0470703125,246.69142150878906,115218.0625,109789.794140625,241.98817443847656,109789.7890625
113245.76005859375,244.57139587402344,113245.75,112352.12734375,245.4302520751953,112352.140625
114363.25908203125,245.50387573242188,114363.265625,114940.0375,251.99310302734375,114940.03125
116758.772265625,246.99920654296875,116758.7421875,108834.429296875,241.39010620117188,108834.4296875
115702.0373046875,245.9555206298828,115702.0390625,107770.130078125,239.7530059814453,107770.140625
115084.9287109375,245.49655151367188,115084.9140625,108051.921875,239.43878173828125,108051.9296875
115298.43125,245.02639770507812,115298.421875,109173.03359375,240.1873321533203,109173.015625
115498.53173828125,245.2896728515625,115498.53125,110428.26796875,245.0562286376953,110428.265625
113702.774609375,243.03562927246094,113702.7734375,109322.367578125,241.43902587890625,109322.3671875
115718.57109375,244.6218719482422,115718.578125,107546.861328125,239.4657440185547,107546.8671875
112731.55556640626,242.7281494140625,112731.53125,108155.0234375,239.40060424804688,108155.0234375
114565.13037109375,243.64637756347656,114565.109375,107023.147265625,239.42791748046875,107023.1328125
114219.75087890626,242.98606872558594,114219.734375,112079.791796875,244.3876953125,112079.796875
115243.21943359375,243.64622497558594,115243.203125,107013.159765625,238.3209991455078,107013.1640625
115541.5109375,244.0709228515625,115541.4921875,108266.104296875,239.8595428466797,108266.1015625
115093.46884765624,242.81155395507812,115093.4765625,109905.78359375,241.5104217529297,109905.78125
114961.00302734374,243.26116943359375,114961.0,108659.272265625,241.95362854003906,108659.2734375
112625.74892578126,240.92958068847656,112625.75,106471.794921875,237.9541473388672,106471.7890625
112518.03759765625,240.56842041015625,112518.03125,106078.01328125,236.42469787597656,106078.0
113498.03251953125,241.26174926757812,113498.0234375,105902.782421875,234.27182006835938,105902.78125
111375.23330078126,239.1593780517578,111375.2421875,105317.765234375,234.2301788330078,105317.765625
111810.46044921875,238.99537658691406,111810.4609375,104680.35,233.36952209472656,104680.34375
112401.09140625,240.02029418945312,112401.1015625,105645.612109375,236.13714599609375,105645.609375
110446.53837890625,238.03492736816406,110446.5390625,104551.230859375,233.35557556152344,104551.2421875
112804.76826171875,239.37069702148438,112804.7890625,105008.64140625,235.66334533691406,105008.65625
111136.4599609375,238.10494995117188,111136.4609375,106346.325,235.7653045654297,106346.328125
112623.0828125,239.57785034179688,112623.1015625,105640.340234375,234.81680297851562,105640.34375
111424.25126953125,238.0717315673828,111424.2265625,109470.9671875,242.1554718017578,109470.9765625
109942.72822265625,236.72735595703125,109942.7109375,104553.40859375,233.88851928710938,104553.40625
109929.11796875,236.43173217773438,109929.1171875,104110.561328125,232.6420440673828,104110.5625
111217.7763671875,236.5646514892578,111217.78125,105312.719921875,233.2489776611328,105312.7265625
109003.36923828124,235.07440185546875,109003.34375,103494.743359375,230.1604766845703,103494.71875
107840.271484375,234.07855224609375,107840.296875,110692.28359375,241.91384887695312,110692.2890625
111544.0216796875,237.4718780517578,111544.0,102927.08671875,230.46347045898438,102927.0859375
108854.70400390626,234.6941680908203,108854.6953125,103754.3859375,232.18479919433594,103754.40625
110783.78681640625,235.9676971435547,110783.7578125,102481.448828125,230.0208282470703,102481.4453125
110527.0080078125,235.68142700195312,110527.015625,105360.003125,235.33087158203125,105360.0
111480.96552734375,235.9216766357422,111480.9609375,102669.8078125,228.84837341308594,102669.8125
109267.19501953125,233.91258239746094,109267.1875,103260.327734375,230.731201171875,103260.3203125
108968.9947265625,233.96153259277344,108969.0078125,102794.806640625,230.08795166015625,102794.8046875
109597.989453125,233.73953247070312,109598.0,104628.024609375,234.52139282226562,104628.03125
109867.940625,234.77374267578125,109867.9296875,102994.016015625,228.0520782470703,102994.015625
109309.62236328125,233.4258575439453,109309.6171875,103696.691015625,228.637451171875,103696.6953125
108227.953125,232.54257202148438,108227.9453125,102216.999609375,226.9712677001953,102217.0
108595.0427734375,232.5031280517578,108595.0625,101652.775,227.16494750976562,101652.765625
110317.32060546875,233.31427001953125,110317.3125,102118.9046875,228.20025634765625,102118.90625
108541.7775390625,232.517578125,108541.7734375,105256.056640625,235.29248046875,105256.046875
114584.5376953125,237.646728515625,114584.546875,101804.401953125,227.1928253173828,101804.40625
108515.51005859375,232.01602172851562,108515.4921875,106054.502734375,236.90972900390625,106054.5
112016.1345703125,234.4298553466797,112016.125,116643.280859375,253.22544860839844,116643.2734375
110030.97255859376,232.6790008544922,110030.9765625,101657.194140625,225.7572479248047,101657.1953125
108003.49296875,231.5155792236328,108003.484375,100904.912109375,225.57322692871094,100904.8984375
107884.2658203125,230.58494567871094,107884.25,103010.818359375,229.87820434570312,103010.8203125
109527.8099609375,231.99472045898438,109527.8046875,101872.70546875,227.45147705078125,101872.703125
108497.4533203125,231.43670654296875,108497.4453125,101349.8171875,227.8612060546875,101349.828125
109539.7052734375,231.92575073242188,109539.6875,111367.66640625,241.7610321044922,111367.6640625
109230.20498046876,231.6967010498047,109230.21875,100844.616015625,226.5086212158203,100844.6171875
109656.60869140625,231.70562744140625,109656.6171875,102187.17265625,227.58885192871094,102187.171875
109984.759375,231.66372680664062,109984.7578125,102407.09140625,229.46937561035156,102407.0859375
108687.91513671874,230.9762725830078,108687.921875,102678.391015625,228.7086944580078,102678.390625
107575.375,229.8155975341797,107575.375,100554.451953125,223.91624450683594,100554.4453125
106252.35947265624,228.62844848632812,106252.375,100737.051171875,225.41824340820312,100737.046875
108781.59130859375,230.18209838867188,108781.59375,101397.43984375,227.4438018798828,101397.4375
107069.80791015625,228.9242706298828,107069.8203125,101652.305859375,226.7006072998047,101652.3046875
108563.78486328125,229.95724487304688,108563.765625,100839.272265625,225.2423553466797,100839.2734375
107808.2064453125,229.66287231445312,107808.21875,101034.28515625,226.72630310058594,101034.2734375
111017.60146484376,231.47657775878906,111017.609375,113345.3,244.18829345703125,113345.3203125
108566.1466796875,230.14352416992188,108566.15625,101653.458203125,228.4232177734375,101653.453125
108114.55068359376,229.1759033203125,108114.53125,99220.03671875,222.3538818359375,99220.03125
107082.14033203125,228.30584716796875,107082.15625,100316.2515625,224.5675506591797,100316.25
108082.654296875,228.5374298095703,108082.640625,100222.2875,221.33447265625,100222.2734375
107150.30927734375,227.92391967773438,107150.28125,107667.133984375,238.06088256835938,107667.1328125
106258.49931640625,226.97219848632812,106258.5,99672.207421875,221.78094482421875,99672.2109375
107008.701953125,227.638671875,107008.71875,99554.91640625,223.088623046875,99554.9140625
108927.798046875,229.13458251953125,108927.8046875,99232.710546875,221.00584411621094,99232.71875
106370.7478515625,227.41189575195312,106370.7421875,99104.18984375,222.09127807617188,99104.1875
106841.7083984375,227.44869995117188,106841.703125,101022.38125,227.9853515625,101022.375
104945.93369140624,226.28073120117188,104945.953125,103637.46484375,229.86842346191406,103637.4609375
106189.57138671874,227.06179809570312,106189.5703125,98992.58125,221.67445373535156,98992.578125
106642.10068359374,226.798828125,106642.109375,99712.6671875,222.02432250976562,99712.6640625
105517.2740234375,225.8949432373047,105517.2734375,100561.107421875,224.48977661132812,100561.1171875
105509.91982421876,225.76307678222656,105509.9140625,100055.5125,224.07679748535156,100055.515625
107404.75380859376,227.39862060546875,107404.75,102406.07109375,228.89549255371094,102406.0703125
105115.4916015625,225.35824584960938,105115.5,101020.619140625,224.5266571044922,101020.6171875
107864.2314453125,227.5331573486328,107864.2265625,99931.717578125,222.74305725097656,99931.71875
106868.591015625,226.93588256835938,106868.5859375,99828.494921875,225.2584228515625,99828.4921875
110154.15673828125,229.62814331054688,110154.1640625,98658.408984375,220.23240661621094,98658.4140625
104182.47314453125,224.14320373535156,104182.4765625,103508.20390625,232.0208282470703,103508.2109375
107933.6615234375,227.1875,107933.65625,101460.591015625,227.55929565429688,101460.59375
106569.03251953125,225.3958740234375,106569.03125,101126.20703125,227.3221435546875,101126.2109375
107136.86806640626,226.4888458251953,107136.8828125,101571.449609375,221.75314331054688,101571.453125
110521.26435546875,229.73931884765625,110521.2578125,100994.4015625,224.4427947998047,100994.3984375
105917.178515625,225.35787963867188,105917.1796875,99619.9796875,220.93727111816406,99619.984375
108601.2916015625,227.19790649414062,108601.3046875,100588.867578125,223.8717803955078,100588.875
104854.9828125,223.96499633789062,104854.9921875,98907.18046875,221.7323760986328,98907.171875
104577.73525390626,223.8543243408203,104577.734375,97344.905859375,217.57345581054688,97344.90625
105843.20791015626,224.8124542236328,105843.203125,97789.802734375,219.9800567626953,97789.8046875
106249.45302734376,225.2107696533203,106249.4609375,98790.2359375,221.38595581054688,98790.2265625
106152.79150390625,224.92860412597656,106152.8046875,97893.82890625,219.0821990966797,97893.8203125
105490.9083984375,224.4593048095703,105490.90625,98249.5484375,219.87448120117188,98249.546875
105883.36845703125,224.17372131347656,105883.359375,98913.385546875,220.23597717285156,98913.390625
105264.29912109375,224.0438232421875,105264.296875,104674.17734375,234.15362548828125,104674.1796875
107455.79267578125,226.3023223876953,107455.78125,98043.969921875,218.52749633789062,98043.9765625
105639.74384765625,224.6253204345703,105639.75,97773.3375,218.8594970703125,97773.328125
106150.89140625,225.04559326171875,106150.890625,97627.716796875,217.78916931152344,97627.734375
104915.44541015624,223.4615020751953,104915.453125,96789.8171875,217.1815185546875,96789.8203125
105798.6908203125,224.19610595703125,105798.6953125,98106.745703125,220.05361938476562,98106.75
104266.3623046875,222.50341796875,104266.3671875,97463.996484375,217.23770141601562,97463.984375
105389.63935546875,223.19541931152344,105389.640625,96931.847265625,217.8324737548828,96931.84375
107749.4984375,225.46209716796875,107749.4921875,100425.115625,219.58367919921875,100425.1171875
105790.47021484375,223.79327392578125,105790.46875,96714.866015625,215.8764190673828,96714.8671875
107400.94677734375,225.3905792236328,107400.9375,97215.54921875,217.39756774902344,97215.546875
103869.9708984375,222.74423217773438,103869.96875,97530.500390625,218.12277221679688,97530.4921875
105488.0486328125,223.17575073242188,105488.0390625,98883.250390625,220.8781280517578,98883.2421875
106259.4044921875,224.48558044433594,106259.40625,105240.225390625,229.62405395507812,105240.2265625
106197.494140625,224.1184539794922,106197.5,96726.133203125,217.72544860839844,96726.125
104700.034765625,222.49745178222656,104700.0546875,96133.685546875,215.625244140625,96133.703125
104430.68193359375,222.11129760742188,104430.671875,97956.483984375,217.41419982910156,97956.484375
105317.3021484375,222.91244506835938,105317.296875,97736.713671875,218.33692932128906,97736.7109375
104735.71923828125,222.0771026611328,104735.734375,96738.2390625,216.13125610351562,96738.25
104313.9431640625,221.45242309570312,104313.9609375,96534.11953125,217.09100341796875,96534.1171875
104882.16826171875,222.96507263183594,104882.1875,95894.446484375,215.32797241210938,95894.4375
107430.684765625,225.45272827148438,107430.7109375,102167.95,227.226806640625,102167.9375
105522.60947265624,222.6409454345703,105522.609375,95787.496484375,215.31829833984375,95787.4921875
106600.94091796875,223.1087188720703,106600.9375,99618.730078125,224.26467895507812,99618.7265625
105194.1623046875,222.9136505126953,105194.171875,96088.373046875,215.98379516601562,96088.375
106503.36591796875,223.462646484375,106503.3515625,96275.130859375,214.87965393066406,96275.1328125
103102.6138671875,220.58587646484375,103102.640625,95706.03046875,214.60194396972656,95706.0234375
105230.689453125,222.04725646972656,105230.703125,95852.8640625,215.5063934326172,95852.8671875
104226.75537109375,221.30702209472656,104226.75,97018.496875,219.0770263671875,97018.484375
105236.0125,221.99838256835938,105236.0078125,98181.51953125,215.91197204589844,98181.5234375
105360.119921875,222.5988311767578,105360.1171875,100770.092578125,225.1133270263672,100770.09375
103240.76572265624,220.43597412109375,103240.7578125,97643.504296875,219.55812072753906,97643.5
104352.738671875,221.60498046875,104352.7421875,96624.95,216.47694396972656,96624.9453125
105042.455078125,222.26492309570312,105042.453125,95225.605078125,213.91990661621094,95225.6015625
105289.53486328125,222.0572509765625,105289.546875,95763.246484375,216.1375732421875,95763.25
105569.42353515625,222.29934692382812,105569.4453125,97313.458203125,219.7477264404297,97313.4609375
101815.511328125,219.10498046875,101815.515625,97494.005078125,217.0686798095703,97494.0
103976.65986328125,220.87710571289062,103976.65625,96414.840625,215.34120178222656,96414.8359375
103491.49375,220.00164794921875,103491.484375,96766.98984375,214.71005249023438,96766.984375
104490.3412109375,220.81324768066406,104490.3203125,96509.253515625,217.52139282226562,96509.2578125
106532.66416015624,223.13491821289062,106532.671875,96496.686328125,216.8295440673828,96496.6875
104704.02353515624,221.32687377929688,104704.0,96468.230859375,215.88397216796875,96468.234375
105015.08447265625,221.46475219726562,105015.078125,96967.68203125,217.2624053955078,96967.6796875
104701.38203125,221.00924682617188,104701.3828125,99857.628125,224.4240264892578,99857.625
103136.5830078125,219.92652893066406,103136.5859375,96973.06484375,213.92947387695312,96973.0546875
103275.90712890626,219.9108428955078,103275.9140625,96214.455859375,216.65460205078125,96214.4609375
104522.6779296875,221.501953125,104522.6796875,94794.35546875,213.77651977539062,94794.359375
103245.74990234376,219.64962768554688,103245.7578125,96737.2609375,217.65135192871094,96737.2578125
105197.238671875,221.57318115234375,105197.234375,94851.864453125,213.6289520263672,94851.8671875
102689.61064453125,219.4332733154297,102689.625,94340.49375,212.53367614746094,94340.484375
102830.8544921875,219.0885009765625,102830.8671875,99294.317578125,222.6741943359375,99294.3125
103246.24775390625,219.98202514648438,103246.25,95792.2296875,215.0013427734375,95792.2265625
104239.0517578125,219.96572875976562,104239.046875,94893.261328125,212.0043487548828,94893.2578125
103008.33115234374,218.88882446289062,103008.3359375,94949.98046875,212.6283721923828,94949.984375
103288.9451171875,219.32412719726562,103288.953125,94740.885546875,212.84861755371094,94740.8984375
104153.0158203125,220.0906982421875,104153.03125,94794.112109375,213.34246826171875,94794.109375
104420.91005859376,220.16737365722656,104420.8984375,95461.534375,215.130126953125,95461.5390625
104278.51455078126,220.20654296875,104278.5,95850.595703125,217.6229248046875,95850.59375
103315.46142578125,219.09385681152344,103315.46875,94086.3375,211.3770294189453,94086.328125
103005.2994140625,218.7056427001953,103005.2578125,95014.743359375,211.9886474609375,95014.734375
103644.455078125,219.6367950439453,103644.453125,95282.91875,215.0000762939453,95282.921875
102355.00576171876,218.76144409179688,102355.0234375,93540.793359375,210.55279541015625,93540.796875
105274.68544921876,220.92477416992188,105274.6953125,94252.98046875,212.38221740722656,94252.9765625
101814.04150390625,218.40338134765625,101814.0390625,95289.4265625,214.5031280517578,95289.4296875
104763.37451171875,220.5717315673828,104763.375,94606.823828125,212.93927001953125,94606.8359375
105658.625390625,221.10714721679688,105658.625,96490.14453125,213.9646759033203,96490.140625
103431.4310546875,219.18472290039062,103431.4140625,95699.40703125,216.86544799804688,95699.40625
100800.59443359375,217.18980407714844,100800.6015625,94142.189453125,212.12359619140625,94142.1875
101654.39404296875,217.43800354003906,101654.3984375,96269.40859375,216.95465087890625,96269.3984375
103672.36943359375,219.9623260498047,103672.359375,95057.749609375,212.36293029785156,95057.75
102149.01171875,217.8934783935547,102149.015625,93655.88125,211.30392456054688,93655.875
103834.40205078125,219.43655395507812,103834.40625,94351.136328125,213.24417114257812,94351.1328125
104058.63681640624,220.4145050048828,104058.6328125,95876.596484375,214.8979949951172,95876.59375
104513.6572265625,219.9114990234375,104513.6484375,95572.65,217.14840698242188,95572.65625
101932.94375,217.8291015625,101932.9453125,94025.242578125,211.68887329101562,94025.2421875
101938.72080078124,217.54017639160156,101938.734375,94474.4125,213.80462646484375,94474.421875
102815.04345703125,217.70945739746094,102815.046875,93517.971875,210.13780212402344,93517.96875
102528.53232421874,218.447998046875,102528.546875,93481.51015625,210.34767150878906,93481.5234375
101876.12724609375,216.6478271484375,101876.125,93374.952734375,211.0331573486328,93374.953125
104830.85048828126,220.32147216796875,104830.8359375,93908.196484375,211.5827178955078,93908.1875
102711.966796875,219.47474670410156,102711.9609375,94679.975390625,211.89224243164062,94679.9609375
103622.0150390625,218.6259307861328,103622.0078125,93560.65703125,210.28445434570312,93560.6640625
103233.8345703125,218.97564697265625,103233.8359375,99695.862109375,222.00267028808594,99695.859375
100673.434375,216.8614501953125,100673.4296875,94680.78203125,212.01324462890625,94680.7890625
104263.06904296875,220.2072296142578,104263.0625,94015.4265625,210.69705200195312,94015.421875
104187.50107421874,219.61514282226562,104187.5234375,95127.556640625,212.1466522216797,95127.5546875
101067.92685546874,216.517822265625,101067.9296875,97716.57109375,220.6674041748047,97716.578125
101361.84033203125,216.9220428466797,101361.8203125,95402.245703125,214.10012817382812,95402.25
102183.59765625,217.75502014160156,102183.59375,94140.985546875,213.0393524169922,94140.984375
101734.2623046875,217.8311004638672,101734.2578125,93078.02421875,209.66937255859375,93078.03125
101169.80595703125,216.11341857910156,101169.7890625,93412.648046875,210.507568359375,93412.6484375
101699.77001953125,216.61172485351562,101699.7734375,93773.43515625,213.34535217285156,93773.4375
102669.2103515625,218.673828125,102669.21875,93976.060546875,212.1801300048828,93976.0703125
103775.6021484375,218.23245239257812,103775.6015625,94563.329296875,210.81088256835938,94563.3359375
102083.00146484375,217.1715545654297,102083.015625,96600.41484375,215.92237854003906,96600.421875
101250.141015625,216.15647888183594,101250.140625,93364.676953125,211.27622985839844,93364.6796875
101613.534375,216.66043090820312,101613.515625,95271.562890625,215.1799774169922,95271.5546875
102011.21767578126,217.232421875,102011.2421875,96849.73125,217.746826171875,96849.734375
103186.51787109375,218.3416290283203,103186.5078125,94977.522265625,210.72940063476562,94977.5234375
102174.5759765625,217.0673065185547,102174.5703125,95470.364453125,217.9251708984375,95470.359375
101915.76142578125,216.78688049316406,101915.765625,95250.807421875,215.22059631347656,95250.8125
101417.5353515625,217.62327575683594,101417.5390625,93851.78125,211.23782348632812,93851.78125
102468.7462890625,218.0108184814453,102468.7578125,92866.755078125,210.70578002929688,92866.7421875
103106.55673828124,218.0802001953125,103106.5625,93291.422265625,209.6164093017578,93291.4140625
105693.00654296875,220.942626953125,105693.0078125,94125.18671875,209.6882781982422,94125.1875
102282.71630859375,217.2166748046875,102282.734375,93958.773046875,213.51393127441406,93958.78125
102841.812890625,218.9164276123047,102841.8203125,92186.150390625,208.67637634277344,92186.15625
100763.1880859375,216.0220947265625,100763.203125,93410.5296875,211.67176818847656,93410.53125
100253.44140625,214.86447143554688,100253.4453125,93317.225,210.7626190185547,93317.21875
101263.5853515625,216.6207275390625,101263.59375,93304.226171875,209.2472686767578,93304.21875
103446.24169921875,219.1394805908203,103446.234375,92220.754296875,208.0655975341797,92220.7578125
102239.274609375,217.24655151367188,102239.2890625,92330.79453125,210.51177978515625,92330.7890625
101384.109765625,216.6638946533203,101384.109375,92683.187890625,209.8905792236328,92683.1796875
99979.11357421875,214.42617797851562,99979.1015625,92385.723828125,210.286376953125,92385.71875
100647.40185546875,215.61019897460938,100647.4140625,92442.535546875,209.5537567138672,92442.546875
101157.05732421875,215.9741973876953,101157.0625,92660.04921875,209.92759704589844,92660.0546875
100420.341796875,215.2694549560547,100420.34375,91503.244921875,207.63427734375,91503.2421875
102156.2767578125,216.41387939453125,102156.2890625,94110.575,215.12245178222656,94110.5703125
101097.9123046875,216.26136779785156,101097.8984375,94166.664453125,214.48109436035156,94166.65625
99957.8435546875,214.77984619140625,99957.859375,95871.884375,215.92269897460938,95871.875
101579.66015625,217.07997131347656,101579.65625,92194.224609375,208.24807739257812,92194.2109375
99283.3310546875,214.68429565429688,99283.34375,94261.946484375,210.97833251953125,94261.9375
100695.878515625,215.8831024169922,100695.875,92188.847265625,209.22232055664062,92188.8359375
99414.17841796875,214.4700469970703,99414.1796875,91241.341015625,208.75453186035156,91241.34375
99618.93271484374,214.55479431152344,99618.9296875,91015.83828125,207.11825561523438,91015.84375
97846.87255859375,212.64266967773438,97846.8671875,96371.555859375,216.557373046875,96371.5703125
100064.39130859375,214.2449951171875,100064.3671875,94763.838671875,215.97584533691406,94763.84375
98247.54013671874,212.9884490966797,98247.5546875,91902.733203125,209.21800231933594,91902.7421875
101516.9794921875,215.56747436523438,101516.984375,90680.124609375,207.61337280273438,90680.1328125
98710.95244140625,213.3024444580078,98710.953125,97110.3078125,221.90586853027344,97110.296875
99152.890625,213.78262329101562,99152.875,90147.70078125,206.20388793945312,90147.703125
97309.21748046875,212.53414916992188,97309.2109375,91113.392578125,208.16514587402344,91113.3984375
99807.4505859375,214.08880615234375,99807.453125,90762.8671875,206.01206970214844,90762.8671875
99815.02373046875,214.5999755859375,99815.0234375,94048.041015625,215.2250518798828,94048.0390625
99293.23662109375,214.210205078125,99293.234375,90075.683984375,206.21286010742188,90075.6875
101157.11162109375,216.3408966064453,101157.1015625,91217.28046875,207.2443389892578,91217.2890625
100448.2748046875,214.62281799316406,100448.2734375,90501.744921875,206.4856719970703,90501.7421875
101288.52685546875,215.26365661621094,101288.53125,92427.717578125,210.8447265625,92427.7109375
97219.147265625,211.94422912597656,97219.15625,90263.437890625,205.69631958007812,90263.4375
99020.105078125,212.7886962890625,99020.1015625,90244.513671875,206.10128784179688,90244.515625
99737.4166015625,213.53363037109375,99737.4140625,90368.9875,205.83157348632812,90368.984375
98307.5251953125,212.01724243164062,98307.5234375,89815.714453125,205.75,89815.7265625
99118.82021484376,213.05039978027344,99118.8125,92431.32109375,210.6626434326172,92431.328125
99326.837109375,213.49887084960938,99326.828125,93495.09375,214.49314880371094,93495.09375
99758.02080078125,214.41322326660156,99758.0390625,89723.71015625,205.6272430419922,89723.6953125
97768.560546875,211.1206512451172,97768.546875,91942.08046875,211.12911987304688,91942.078125
99318.236328125,213.39674377441406,99318.2109375,91401.292578125,206.51747131347656,91401.296875
97755.91845703125,211.79232788085938,97755.9375,88739.08125,203.8021240234375,88739.0859375
96756.69287109375,211.1693572998047,96756.703125,90815.158203125,208.0550994873047,90815.15625
97314.670703125,210.7221221923828,97314.671875,89663.54140625,205.71807861328125,89663.5390625
97738.19638671874,211.51510620117188,97738.2109375,89727.616796875,205.6267547607422,89727.609375
101284.4693359375,215.43284606933594,101284.4609375,90233.625,204.7509307861328,90233.625
98325.2453125,212.34088134765625,98325.25,90058.034765625,206.54766845703125,90058.0390625
98174.14296875,211.93499755859375,98174.1484375,88966.654296875,204.51316833496094,88966.6484375
98250.61796875,212.76832580566406,98250.6015625,90351.41953125,207.7755889892578,90351.421875
99242.30224609375,213.17156982421875,99242.2890625,88580.314453125,204.32566833496094,88580.3125
101660.86474609375,214.3406219482422,101660.8671875,89256.5703125,205.74057006835938,89256.5546875
98384.0095703125,212.2281036376953,98384.015625,88388.368359375,204.01681518554688,88388.375
95578.43994140625,209.19296264648438,95578.4453125,88766.18359375,205.0332489013672,88766.1796875
99647.59140625,213.90260314941406,99647.5703125,90906.92421875,204.94979858398438,90906.921875
99950.71455078125,213.57566833496094,99950.7109375,89344.443359375,204.634521484375,89344.4453125
97375.0056640625,211.16278076171875,97374.984375,88206.960546875,204.3141632080078,88206.9609375
98145.49912109374,212.21408081054688,98145.5078125,88827.505078125,202.46539306640625,88827.4921875
95586.8216796875,210.02099609375,95586.828125,88372.248828125,203.4248504638672,88372.25
101972.1298828125,215.72422790527344,101972.1328125,89858.1359375,206.76461791992188,89858.1328125
97421.465234375,210.83177185058594,97421.453125,87840.544140625,201.799072265625,87840.53125
96510.13505859375,210.36474609375,96510.140625,87058.837890625,201.46566772460938,87058.8359375
95711.21845703125,209.52841186523438,95711.2421875,87877.228515625,203.2190399169922,87877.21875
96238.1298828125,208.98779296875,96238.109375,87107.305859375,201.78155517578125,87107.3125
98901.31865234375,211.84005737304688,98901.328125,88686.994921875,202.82984924316406,88686.9921875
94831.1650390625,208.9797821044922,94831.171875,87340.379296875,201.92098999023438,87340.3828125
97608.59228515625,210.8311767578125,97608.59375,88040.09765625,200.52354431152344,88040.09375
96554.9947265625,209.68678283691406,96554.9921875,86525.892578125,200.47679138183594,86525.890625
96730.58427734375,209.7635955810547,96730.5859375,88439.701953125,207.79345703125,88439.6953125
96701.35498046875,211.28622436523438,96701.359375,87913.5125,203.81564331054688,87913.5078125
95648.3201171875,208.92654418945312,95648.3359375,86953.759765625,201.0447998046875,86953.7578125
96730.1501953125,209.77667236328125,96730.15625,87922.205859375,202.38919067382812,87922.2109375
96378.80361328126,208.67982482910156,96378.78125,86219.13671875,201.023681640625,86219.1328125
97030.2015625,209.97134399414062,97030.203125,86083.16015625,200.3651580810547,86083.15625
97888.2263671875,210.60012817382812,97888.21875,87013.11953125,201.3056182861328,87013.1171875
98385.60283203125,211.03390502929688,98385.6171875,88114.1375,203.9488525390625,88114.140625
92877.29423828125,206.2117462158203,92877.3046875,86207.274609375,200.3440704345703,86207.265625
94737.70498046876,206.8061981201172,94737.703125,86266.31953125,197.95889282226562,86266.3203125
97074.137890625,209.42575073242188,97074.140625,87335.395703125,203.47654724121094,87335.390625
94118.93583984375,206.6849822998047,94118.921875,85302.26953125,198.81907653808594,85302.28125
95016.3302734375,206.8870391845703,95016.3046875,87076.666015625,199.68255615234375,87076.6640625
93902.29697265624,205.6305694580078,93902.296875,85146.267578125,199.36842346191406,85146.2734375
95613.50126953125,207.05438232421875,95613.515625,85389.554296875,197.67196655273438,85389.5546875
94829.47705078125,207.5830078125,94829.4609375,84614.99921875,198.39532470703125,84614.9921875
97055.73115234375,208.36077880859375,97055.71875,85451.230859375,200.49855041503906,85451.234375
94142.783203125,206.4258270263672,94142.78125,84774.888671875,198.72471618652344,84774.8828125
94475.0271484375,207.1379852294922,94475.046875,86955.3671875,200.45774841308594,86955.375
98727.07412109376,212.09754943847656,98727.09375,92316.19375,214.45054626464844,92316.1953125
93077.47353515626,205.19558715820312,93077.484375,85935.806640625,201.7244110107422,85935.8046875
92833.88310546875,205.096923828125,92833.890625,85178.193359375,200.54530334472656,85178.203125
92390.85048828126,204.42242431640625,92390.8515625,83823.69296875,196.13731384277344,83823.6796875
91244.2833984375,203.048828125,91244.28125,83977.96796875,198.36355590820312,83977.9609375
93169.2916015625,205.05506896972656,93169.2890625,82813.354296875,194.3695526123047,82813.3515625
93076.31748046874,204.68911743164062,93076.3046875,82768.562109375,196.49952697753906,82768.5625
91678.07939453125,203.2144775390625,91678.0859375,82772.893359375,195.67979431152344,82772.8984375
93890.21064453125,205.78810119628906,93890.203125,83972.145703125,199.37071228027344,83972.140625
92064.032421875,204.54507446289062,92064.0390625,82004.01796875,194.51748657226562,82004.015625
91149.6146484375,203.49278259277344,91149.6015625,81799.469921875,194.67633056640625,81799.4609375
91825.6798828125,203.36204528808594,91825.65625,81476.87109375,194.99526977539062,81476.8671875
92797.39345703126,204.939697265625,92797.3671875,82447.556640625,195.30230712890625,82447.5546875
89586.314453125,201.09878540039062,89586.2890625,82046.7375,195.56866455078125,82046.7421875
87763.8091796875,199.37071228027344,87763.796875,82837.6265625,198.9763946533203,82837.6328125
92598.4197265625,205.67100524902344,92598.4140625,80085.092578125,191.6364288330078,80085.0859375
90322.1859375,201.6219940185547,90322.1796875,82264.890625,198.01681518554688,82264.8828125
88014.1955078125,199.65133666992188,88014.2109375,80273.784375,193.0101318359375,80273.7890625
91220.684375,203.46461486816406,91220.6953125,80761.49921875,194.1560821533203,80761.5078125
90277.41904296874,202.09423828125,90277.4296875,80809.433984375,194.31814575195312,80809.4375
89026.6373046875,201.0415802001953,89026.640625,81145.184765625,194.9179229736328,81145.1875
88292.8544921875,200.08059692382812,88292.8359375,81170.422265625,194.70034790039062,81170.421875
91534.82919921874,202.72445678710938,91534.8359375,80332.26640625,193.52810668945312,80332.2734375
88859.46865234376,200.36659240722656,88859.46875,78870.5875,192.1034393310547,78870.5859375
91497.5078125,203.65109252929688,91497.515625,81220.376171875,196.5265350341797,81220.375
88384.1357421875,199.40931701660156,88384.1484375,78939.741796875,192.007568359375,78939.734375
89654.80986328125,200.4471435546875,89654.8125,81489.1875,195.15794372558594,81489.1875
87727.03154296875,198.61317443847656,87727.03125,77238.7828125,189.3738250732422,77238.78125
87857.60068359374,199.13446044921875,87857.6171875,78288.427734375,191.59844970703125,78288.4296875
86419.405078125,197.65805053710938,86419.4140625,79103.334375,191.67991638183594,79103.3359375
87688.41220703124,199.527587890625,87688.3828125,76138.80703125,187.9793701171875,76138.8046875
86540.11455078125,198.0202178955078,86540.1171875,75786.5931640625,186.8714141845703,75786.6015625
89928.81064453124,200.6377716064453,89928.796875,75499.282421875,185.88748168945312,75499.28125
81805.52802734375,193.11293029785156,81805.5234375,74845.566796875,188.0108642578125,74845.5625
83522.82431640624,195.58880615234375,83522.8125,74369.9970703125,187.9750518798828,74370.0
83845.67026367187,194.29603576660156,83845.65625,75018.825390625,187.83560180664062,75018.828125
87369.138671875,198.5183563232422,87369.1484375,74392.7310546875,187.79222106933594,74392.7265625
84194.33974609376,194.90621948242188,84194.328125,74213.7455078125,185.1461639404297,74213.7421875
85499.73706054688,195.41368103027344,85499.7421875,75996.5203125,189.62469482421875,75996.515625
84273.948046875,194.41744995117188,84273.9609375,76449.9875,191.51123046875,76449.9921875
83059.79838867187,193.1182098388672,83059.796875,72964.6970703125,185.2141571044922,72964.703125
84349.68134765625,194.7127685546875,84349.671875,75607.296484375,189.2924041748047,75607.296875
82642.75234375,193.40184020996094,82642.7578125,74419.8814453125,185.44996643066406,74419.8828125
84289.91513671874,195.02639770507812,84289.9140625,74096.9099609375,185.88612365722656,74096.90625
81453.9013671875,191.6499481201172,81453.90625,73144.0634765625,185.23312377929688,73144.0703125
82400.38120117187,192.46270751953125,82400.375,73148.7890625,185.10667419433594,73148.78125
85341.4431640625,194.41696166992188,85341.4296875,73665.262890625,182.31439208984375,73665.2578125
83345.78696289062,194.01560974121094,83345.7734375,72873.594921875,185.08401489257812,72873.59375
80937.50791015624,190.19081115722656,80937.5078125,73949.2134765625,187.07228088378906,73949.2109375
84207.05561523438,193.41439819335938,84207.0625,71154.549609375,181.5519256591797,71154.5546875
83088.98481445313,191.5848846435547,83089.0,71283.63828125,179.64453125,71283.640625
81013.87094726562,190.992431640625,81013.875,73994.04765625,187.17764282226562,73994.046875
80330.18984375,189.32337951660156,80330.1796875,71494.2486328125,183.3938446044922,71494.25
81539.1248046875,190.98583984375,81539.1171875,71853.6470703125,181.51675415039062,71853.6484375
83615.45,192.2753448486328,83615.453125,74080.51640625,188.89114379882812,74080.5078125
80670.68735351562,189.33953857421875,80670.6796875,70116.5857421875,180.0169677734375,70116.578125
81650.76245117188,190.70790100097656,81650.7578125,72930.4494140625,187.52108764648438,72930.4453125
84089.38701171875,193.56947326660156,84089.3828125,71278.273828125,184.10276794433594,71278.28125
80855.98657226562,189.72328186035156,80855.9921875,73975.409765625,188.609619140625,73975.4140625
79904.82622070312,188.44534301757812,79904.8359375,70850.16875,179.66050720214844,70850.1640625
81842.8568359375,191.907958984375,81842.859375,70644.4798828125,181.96121215820312,70644.4765625
84369.5396484375,193.01048278808594,84369.5390625,70880.0060546875,182.5003204345703,70880.0078125
81040.8455078125,190.0401611328125,81040.8359375,71429.0736328125,182.93780517578125,71429.078125
84248.0638671875,192.6416778564453,84248.078125,71255.6611328125,182.57049560546875,71255.6640625
83208.39453125,191.24429321289062,83208.390625,69027.5603515625,178.6045684814453,69027.5546875
79942.14809570313,187.376953125,79942.1484375,69220.3708984375,177.05918884277344,69220.375
80961.83369140625,189.21620178222656,80961.828125,72996.226953125,184.64364624023438,72996.2265625
81882.16508789062,190.22084045410156,81882.1640625,68683.9765625,176.93112182617188,68683.96875
82905.33984375,192.4220428466797,82905.34375,68618.6185546875,176.58888244628906,68618.609375
79079.85849609374,187.2836456298828,79079.859375,69098.2056640625,175.41152954101562,69098.2109375
78906.54545898437,187.32456970214844,78906.546875,70741.187109375,178.5072021484375,70741.1875
79624.66162109375,187.1954345703125,79624.6484375,68356.0703125,177.15565490722656,68356.078125
81249.15747070312,188.34890747070312,81249.1484375,68539.92109375,176.8981170654297,68539.921875
78808.07509765626,185.93873596191406,78808.078125,68727.3505859375,179.6726837158203,68727.34375
78599.47875976562,186.24586486816406,78599.484375,69419.56875,178.34300231933594,69419.5703125
80642.43149414062,188.23678588867188,80642.421875,72922.5470703125,186.47042846679688,72922.546875
77313.80712890625,186.43716430664062,77313.8046875,70380.6822265625,179.29820251464844,70380.6875
78748.75712890625,185.7292022705078,78748.7421875,71291.09296875,185.84716796875,71291.09375
82423.10649414062,189.58111572265625,82423.09375,68344.8568359375,177.5707550048828,68344.859375
79501.337109375,187.81112670898438,79501.3515625,69419.2759765625,178.62559509277344,69419.2734375
78086.30151367188,186.3657989501953,78086.296875,68309.669921875,174.83436584472656,68309.6640625
78604.72622070313,185.63479614257812,78604.7265625,67592.55078125,175.50453186035156,67592.5546875
77608.33803710938,184.1772003173828,77608.328125,68763.636328125,179.99868774414062,68763.6328125
80972.14868164062,189.16726684570312,80972.140625,67775.220703125,176.12701416015625,67775.21875
76579.712890625,183.6110076904297,76579.7265625,67227.557421875,173.5583953857422,67227.5546875
79196.48374023437,186.60284423828125,79196.484375,67013.1236328125,173.2723846435547,67013.125
77921.74604492188,185.14883422851562,77921.75,67242.9890625,173.7782745361328,67242.9921875
80660.65854492187,187.38497924804688,80660.640625,67524.659765625,176.8069610595703,67524.6640625
82876.93193359375,190.96102905273438,82876.9375,66906.7681640625,175.0794219970703,66906.7734375
76468.39501953125,183.16226196289062,76468.421875,66657.21171875,173.76815795898438,66657.21875
79416.38525390625,187.0016326904297,79416.390625,66867.4294921875,175.38160705566406,66867.4296875
76528.3337890625,183.46217346191406,76528.3203125,66894.3033203125,173.35064697265625,66894.296875
79953.25571289062,186.4625244140625,79953.265625,67719.3078125,176.16831970214844,67719.3125
79806.33408203124,185.3717803955078,79806.3359375,67179.1623046875,172.6339569091797,67179.1640625
77062.08852539063,184.08786010742188,77062.09375,66895.0138671875,174.80560302734375,66895.015625
80781.34399414062,187.19717407226562,80781.3359375,68359.926171875,178.91842651367188,68359.9296875
80072.22099609375,187.0693359375,80072.2265625,66812.382421875,175.43136596679688,66812.3828125
78097.44497070313,186.59385681152344,78097.4453125,67862.044140625,175.36085510253906,67862.046875
77654.4123046875,183.39129638671875,77654.40625,67552.7185546875,175.810791015625,67552.71875
76625.49580078125,183.1990203857422,76625.4921875,67015.328515625,172.54345703125,67015.328125
76304.48740234374,182.4210662841797,76304.5,67455.7615234375,176.4608917236328,67455.765625
79702.48081054687,186.6245880126953,79702.484375,67273.4255859375,176.1770782470703,67273.4296875
76292.4169921875,182.479736328125,76292.4296875,65878.976953125,171.6239471435547,65878.9921875
77737.2060546875,184.11155700683594,77737.1953125,65101.773046875,170.04698181152344,65101.765625
77730.63037109375,184.97921752929688,77730.609375,66445.0638671875,174.00196838378906,66445.0703125
74559.21391601562,181.22422790527344,74559.21875,64883.4251953125,170.01890563964844,64883.4296875
76882.74731445312,184.81671142578125,76882.765625,66195.4822265625,174.63246154785156,66195.484375
76353.16064453125,183.26116943359375,76353.15625,65241.719140625,172.66506958007812,65241.72265625
75850.08095703126,182.98789978027344,75850.09375,66179.0080078125,175.2241973876953,66179.0078125
76961.38056640625,183.78785705566406,76961.359375,65186.0134765625,171.51068115234375,65186.0078125
75527.89287109375,181.46774291992188,75527.875,65272.7826171875,168.46066284179688,65272.78125
80980.30400390625,187.20166015625,80980.2890625,68900.4724609375,181.42605590820312,68900.4765625
76558.3162109375,182.5764923095703,76558.328125,64877.9162109375,171.22705078125,64877.921875
80568.57465820313,187.74679565429688,80568.5703125,64359.0791015625,170.57437133789062,64359.0859375
78833.59453125,185.18324279785156,78833.59375,65377.92421875,171.82833862304688,65377.92578125
74046.85112304687,179.19073486328125,74046.84375,66532.2095703125,174.28514099121094,66532.2109375
77000.39663085938,184.5829315185547,77000.390625,66547.2537109375,173.67274475097656,66547.2578125
74139.94853515625,179.60162353515625,74139.9453125,64391.669140625,171.31134033203125,64391.66796875
76061.7111328125,181.91064453125,76061.71875,63839.7048828125,169.72982788085938,63839.70703125
76172.69018554688,181.0991973876953,76172.6875,64745.3443359375,174.18927001953125,64745.34375
76689.27124023438,182.3426055908203,76689.2890625,64957.7462890625,171.13143920898438,64957.7421875
75771.46723632813,182.7420654296875,75771.453125,66595.23359375,175.8426971435547,66595.234375
77227.32895507812,183.56297302246094,77227.3125,63614.6833984375,170.22134399414062,63614.6875
74124.6767578125,180.27346801757812,74124.6640625,64444.5076171875,171.05320739746094,64444.51171875
73606.58862304688,179.28863525390625,73606.6015625,63915.6876953125,169.51576232910156,63915.69140625
73282.43569335938,178.59156799316406,73282.4140625,66784.6552734375,175.3284149169922,66784.65625
75186.5580078125,180.37759399414062,75186.5625,63740.2697265625,169.61402893066406,63740.2734375
73057.1130859375,177.51483154296875,73057.1171875,64620.6009765625,172.4823760986328,64620.58984375
78181.99111328126,184.7145538330078,78181.984375,63562.876171875,168.3200225830078,63562.87890625
77159.33247070313,182.0699462890625,77159.328125,63228.462109375,167.1724853515625,63228.4609375
78680.490625,183.21902465820312,78680.484375,62852.9759765625,166.34620666503906,62852.97265625
76991.98935546874,181.6155548095703,76991.984375,62676.3341796875,167.19369506835938,62676.33984375
75605.5005859375,181.25799560546875,75605.5078125,63549.886328125,169.9238739013672,63549.88671875
74381.10844726562,179.28050231933594,74381.1171875,65066.2564453125,174.82296752929688,65066.25390625
74728.95146484375,180.298583984375,74728.9453125,62565.094921875,167.3114776611328,62565.09375
75347.44965820313,180.93695068359375,75347.453125,65391.7787109375,169.94949340820312,65391.78125
74752.23447265624,179.55381774902344,74752.2421875,64171.7015625,171.3827362060547,64171.70703125
73308.91127929688,178.32247924804688,73308.9140625,62992.500390625,167.00570678710938,62992.50390625
73720.03603515626,178.80810546875,73720.0390625,64666.6083984375,172.9274139404297,64666.60546875
72028.755859375,176.82115173339844,72028.7578125,62429.9650390625,165.7743682861328,62429.96484375
73289.15971679687,178.71719360351562,73289.1640625,63927.4369140625,170.51800537109375,63927.4375
74732.38041992187,179.91294860839844,74732.375,64380.140234375,172.50807189941406,64380.140625
72025.65815429688,177.14376831054688,72025.65625,62715.0462890625,167.3250732421875,62715.046875
72028.14702148437,177.1929473876953,72028.1484375,63755.0568359375,167.7303466796875,63755.0546875
74320.49111328126,178.75901794433594,74320.5,61901.1,165.87249755859375,61901.1015625
73277.46494140624,176.62168884277344,73277.453125,62308.4736328125,167.75758361816406,62308.47265625
72847.72109375,177.13748168945312,72847.734375,62898.0609375,168.3573455810547,62898.06640625
74434.49912109374,179.14376831054688,74434.4921875,62722.3642578125,167.19357299804688,62722.3671875
74421.9310546875,179.3331756591797,74421.9296875,63394.594921875,169.1671142578125,63394.59765625
75877.9046875,180.74166870117188,75877.8984375,61620.71640625,164.2867431640625,61620.71875
74826.02338867188,180.13133239746094,74826.03125,63348.5109375,170.37904357910156,63348.51953125
72638.757421875,176.04966735839844,72638.765625,62240.4703125,169.94210815429688,62240.47265625
75042.623046875,180.69403076171875,75042.6328125,64971.5884765625,171.84213256835938,64971.58984375
76875.30454101562,182.74420166015625,76875.3046875,61611.0931640625,164.47984313964844,61611.08984375
71574.259375,175.8560028076172,71574.265625,61385.8548828125,163.8783416748047,61385.86328125
72464.37670898438,177.39163208007812,72464.3828125,61819.359375,165.30787658691406,61819.359375
74852.18774414062,178.7909393310547,74852.1953125,62220.799609375,169.12161254882812,62220.8046875
75457.18583984375,181.56768798828125,75457.1953125,63197.2337890625,170.61717224121094,63197.234375
75007.31748046874,179.79962158203125,75007.3359375,62054.144921875,166.70135498046875,62054.14453125
73952.75551757813,178.63619995117188,73952.7734375,63028.8337890625,167.44955444335938,63028.83984375
75413.74360351563,179.66156005859375,75413.75,63807.8126953125,170.5241241455078,63807.80859375
76230.00170898438,183.37828063964844,76229.9765625,62008.1791015625,168.14231872558594,62008.171875
70335.02705078125,174.84283447265625,70335.0234375,61648.257421875,167.04647827148438,61648.2578125
72157.40771484375,176.77154541015625,72157.40625,62143.8109375,167.32298278808594,62143.8125
72247.7638671875,176.88609313964844,72247.75,61971.930078125,166.76914978027344,61971.9375
73453.66879882812,178.26455688476562,73453.6640625,62252.8248046875,166.7734375,62252.82421875
74778.74262695313,181.53204345703125,74778.7421875,66258.3359375,178.9889373779297,66258.3359375
74106.17944335938,178.65786743164062,74106.1796875,60996.6462890625,164.96780395507812,60996.640625
74636.41904296874,178.8855438232422,74636.421875,60452.698046875,163.73765563964844,60452.69921875
72110.37446289063,175.76356506347656,72110.3671875,61836.6373046875,166.2943878173828,61836.640625
71418.53764648437,177.38931274414062,71418.5234375,61708.3982421875,168.62452697753906,61708.40234375
71791.30151367188,177.4197998046875,71791.296875,62214.3771484375,168.2454376220703,62214.37890625
74587.0767578125,179.45053100585938,74587.0703125,64297.1443359375,169.1529998779297,64297.14453125
72905.6306640625,177.7661895751953,72905.6328125,62039.6810546875,169.55044555664062,62039.6796875
74674.77407226563,180.44534301757812,74674.78125,61301.0279296875,165.9996337890625,61301.03125
73348.17475585938,179.1878204345703,73348.1796875,63063.53515625,171.99755859375,63063.53125
68862.46181640626,173.9845428466797,68862.484375,60507.886328125,165.45895385742188,60507.890625
69047.82880859375,173.78744506835938,69047.828125,60262.1111328125,164.90988159179688,60262.11328125
70686.76015625,174.30908203125,70686.7421875,60688.4029296875,165.48745727539062,60688.40234375
74712.97944335938,180.41912841796875,74712.9921875,60054.173046875,163.4644317626953,60054.17578125
71354.31596679687,176.1586151123047,71354.3125,62924.87734375,170.97781372070312,62924.8828125
70304.20043945312,173.9761962890625,70304.1953125,60487.0935546875,163.23330688476562,60487.08984375
72713.60200195313,177.152099609375,72713.5859375,60631.6490234375,166.71633911132812,60631.65625
71448.96850585938,175.09475708007812,71448.9765625,61888.001953125,164.88259887695312,61888.0
71014.98286132813,176.38699340820312,71014.9921875,59529.15859375,163.6615447998047,59529.16015625
72761.68334960938,175.99844360351562,72761.6796875,62870.1513671875,173.95457458496094,62870.15625
75435.76420898437,179.9700469970703,75435.765625,58863.416796875,161.4355010986328,58863.41796875
71209.77817382812,176.0316925048828,71209.7890625,59777.387109375,164.87892150878906,59777.3828125
71241.07875976563,175.41134643554688,71241.0859375,60096.7841796875,164.16921997070312,60096.7890625
68732.23779296875,172.46051025390625,68732.25,58760.446484375,161.09449768066406,58760.44921875
70797.42729492187,174.49305725097656,70797.4375,60094.9125,167.1351318359375,60094.91796875
70075.69443359374,173.56919860839844,70075.6875,61932.6369140625,167.33399963378906,61932.6328125
67460.79521484375,172.33555603027344,67460.796875,59247.9384765625,164.1622772216797,59247.94140625
71031.67353515625,174.3170928955078,71031.671875,59896.8330078125,164.9070281982422,59896.83203125
67563.9185546875,171.6477813720703,67563.9140625,64014.465625,174.8105926513672,64014.46484375
69852.2642578125,173.71517944335938,69852.265625,59322.6498046875,165.1168670654297,59322.6484375
72761.42104492188,176.65821838378906,72761.421875,59640.5208984375,164.02157592773438,59640.51953125
66030.6830078125,170.50662231445312,66030.703125,60508.28125,167.29273986816406,60508.28125
70420.0388671875,173.452880859375,70420.046875,58516.7392578125,162.45849609375,58516.7421875
76411.68232421875,182.39784240722656,76411.6640625,62538.4783203125,166.8732452392578,62538.4765625
69352.33549804687,174.22723388671875,69352.3359375,59213.62109375,162.1393280029297,59213.62109375
69888.93701171875,173.36241149902344,69888.9375,58098.01796875,160.3679962158203,58098.015625
71841.88159179688,176.61695861816406,71841.90625,58366.85859375,162.42709350585938,58366.859375
70255.67338867187,173.926513671875,70255.671875,60440.030078125,167.50473022460938,60440.03125
70708.13745117188,174.1045684814453,70708.15625,58959.8439453125,162.86172485351562,58959.83984375
67422.55620117187,172.17958068847656,67422.5625,58220.19765625,159.94029235839844,58220.19921875
71407.176953125,174.92454528808594,71407.1796875,58899.8091796875,161.78799438476562,58899.80859375
68754.92700195312,172.12139892578125,68754.9296875,60067.4798828125,166.4962615966797,60067.48046875
70077.987109375,174.2747344970703,70077.984375,59602.6443359375,165.86590576171875,59602.64453125
69039.50322265625,173.6689910888672,69039.5078125,58467.091015625,162.77137756347656,58467.08984375
70556.94565429687,175.49851989746094,70556.9375,57450.7740234375,160.85250854492188,57450.76953125
68160.63994140625,170.89752197265625,68160.65625,60262.66328125,168.42263793945312,60262.6640625
70249.86010742188,173.236572265625,70249.859375,57786.908203125,161.9590301513672,57786.91015625
72034.037890625,175.73583984375,72034.0390625,59052.65,164.81980895996094,59052.65234375
71427.00390625,175.01316833496094,71426.9921875,57418.2216796875,160.96510314941406,57418.2265625
68455.72783203125,172.00714111328125,68455.734375,58321.523828125,160.56497192382812,58321.5234375
67310.32763671875,169.97393798828125,67310.3203125,57367.560546875,159.15562438964844,57367.55859375
73274.23974609375,176.79391479492188,73274.2421875,59282.329296875,164.87367248535156,59282.328125
69465.87563476563,173.07974243164062,69465.8671875,60469.3650390625,168.87510681152344,60469.36328125
72972.13999023437,178.05819702148438,72972.140625,57341.8298828125,160.53038024902344,57341.83203125
67683.669140625,169.98721313476562,67683.6640625,56995.0798828125,159.78640747070312,56995.078125
67126.51557617188,169.36590576171875,67126.5234375,56407.9072265625,158.1718292236328,56407.90234375
69459.80014648437,173.33010864257812,69459.8046875,56795.0431640625,161.23739624023438,56795.046875
68521.97563476562,170.94149780273438,68521.984375,58653.0771484375,166.99822998046875,58653.08203125
70044.19711914062,173.1813201904297,70044.1953125,57789.6330078125,163.81472778320312,57789.6328125
67211.21567382812,170.4376220703125,67211.2265625,57120.8599609375,160.84950256347656,57120.86328125
68609.62802734374,173.4858856201172,68609.6328125,57853.1359375,163.72486877441406,57853.140625
67995.13139648437,170.83743286132812,67995.1328125,56498.093359375,160.06527709960938,56498.09375
69611.412890625,172.55482482910156,69611.421875,57600.7771484375,164.8019256591797,57600.76953125
68934.3568359375,172.8473358154297,68934.3515625,56474.2083984375,159.2310791015625,56474.20703125
67147.9865234375,170.1439666748047,67147.984375,55743.6490234375,157.85107421875,55743.6484375
68871.5287109375,170.75872802734375,68871.5234375,55348.3251953125,156.10215759277344,55348.328125
69921.22587890625,172.95614624023438,69921.2265625,57912.41015625,165.0857391357422,57912.41015625
66665.33706054688,170.07237243652344,66665.34375,56463.9748046875,159.62928771972656,56463.97265625
69776.41435546875,173.34446716308594,69776.421875,57481.0708984375,164.3905792236328,57481.0703125
68837.2494140625,171.7674560546875,68837.25,62266.46015625,175.268310546875,62266.45703125
66951.78217773438,170.43704223632812,66951.78125,60321.6796875,168.7411346435547,60321.68359375
67944.259375,171.04225158691406,67944.2578125,58309.5177734375,167.62562561035156,58309.515625
70345.5533203125,174.00059509277344,70345.5390625,57085.0458984375,159.79779052734375,57085.04296875
67206.65649414062,169.79592895507812,67206.6484375,57696.67578125,164.32017517089844,57696.6796875
66543.5388671875,170.01571655273438,66543.53125,57563.99765625,165.40533447265625,57563.9921875
67305.2017578125,170.80751037597656,67305.1953125,56549.5091796875,161.89187622070312,56549.50390625
64821.13471679688,167.79994201660156,64821.14453125,55427.794140625,157.44139099121094,55427.796875
70059.380859375,174.16954040527344,70059.375,59438.6892578125,168.27403259277344,59438.6796875
66216.15366210937,169.98634338378906,66216.15625,55947.246875,160.47247314453125,55947.25
66200.01215820313,168.70626831054688,66200.015625,55846.26171875,159.72279357910156,55846.265625
66355.1974609375,168.97525024414062,66355.203125,54585.8591796875,155.27468872070312,54585.86328125
65863.04790039062,167.3423614501953,65863.0625,57060.84140625,166.0736846923828,57060.84375
65042.25473632813,167.83531188964844,65042.27734375,54442.771484375,155.8742218017578,54442.77734375
65587.29184570312,167.93955993652344,65587.2890625,57211.7431640625,165.65635681152344,57211.7421875
64540.25302734375,166.81651306152344,64540.26953125,54144.6435546875,154.69522094726562,54144.640625
65745.48037109376,167.30966186523438,65745.4765625,54206.1681640625,153.84283447265625,54206.16796875
65189.81206054687,168.31674194335938,65189.8125,54847.715234375,156.94935607910156,54847.71875
66661.6994140625,168.84793090820312,66661.6953125,57195.9248046875,163.79664611816406,57195.921875
68526.36806640626,170.8909912109375,68526.3828125,53652.3,154.2822723388672,53652.29296875
62097.175390625,163.74769592285156,62097.17578125,56847.3384765625,158.36424255371094,56847.3359375
68142.44057617188,172.11431884765625,68142.4375,53849.7986328125,155.1339874267578,53849.8046875
64029.247314453125,165.1363067626953,64029.2421875,53971.159765625,154.97265625,53971.15625
64763.02583007813,167.07618713378906,64763.01953125,53402.0533203125,155.93264770507812,53402.05078125
64814.261962890625,167.28158569335938,64814.27734375,57163.2912109375,165.30050659179688,57163.2890625
65631.51650390626,167.4705047607422,65631.5,53836.85390625,152.8175811767578,53836.8515625
71763.50703125,173.17308044433594,71763.5,52864.08125,153.10745239257812,52864.08203125
62779.65576171875,164.50799560546875,62779.65625,53582.53125,157.2727813720703,53582.5390625
66395.88217773437,169.5172119140625,66395.8828125,54771.582421875,158.5149383544922,54771.58984375
65977.20190429688,167.5559539794922,65977.203125,55998.4673828125,163.33486938476562,55998.46875
66154.73295898437,168.04957580566406,66154.734375,56569.9111328125,160.37489318847656,56569.90625
65473.95512695312,167.86776733398438,65473.953125,53244.8529296875,152.5590362548828,53244.85546875
68139.21274414062,170.83306884765625,68139.21875,55063.8037109375,158.4376678466797,55063.80078125
64716.2859375,168.27015686035156,64716.2890625,52943.595703125,153.63414001464844,52943.59375
64674.01860351562,167.82566833496094,64674.015625,52589.6451171875,152.66305541992188,52589.6484375
68336.64921875,171.6187744140625,68336.6484375,53085.4267578125,154.7127227783203,53085.42578125
67697.21376953126,169.36512756347656,67697.2109375,54262.0044921875,157.1222686767578,54262.00390625
64007.1798828125,165.3265380859375,64007.1796875,54372.470703125,158.52810668945312,54372.47265625
64187.55463867188,165.86611938476562,64187.55859375,52290.1458984375,152.40054321289062,52290.1484375
65783.71357421875,167.70855712890625,65783.7109375,64972.433203125,179.94313049316406,64972.43359375
63707.44248046875,166.67701721191406,63707.4375,55395.190234375,160.55140686035156,55395.1875
66706.8427734375,167.753662109375,66706.828125,53115.673046875,151.9012908935547,53115.671875
64048.45258789063,165.89503479003906,64048.453125,52717.5955078125,152.6689910888672,52717.59765625
63582.88081054688,165.5499267578125,63582.88671875,53378.6666015625,155.56248474121094,53378.66796875
63234.08784179688,165.3325653076172,63234.09765625,52654.3083984375,154.50572204589844,52654.3125
65974.53603515626,168.26788330078125,65974.546875,54116.276953125,153.57882690429688,54116.2734375
62716.9658203125,163.7998809814453,62716.96484375,53886.7857421875,157.64175415039062,53886.78515625
62518.1896484375,163.80331420898438,62518.203125,52162.0482421875,153.39828491210938,52162.04296875
62996.72783203125,164.43414306640625,62996.72265625,52697.3330078125,153.814453125,52697.3359375
62400.223388671875,163.5972442626953,62400.22265625,51839.488671875,153.7086944580078,51839.4921875
64511.26059570313,166.53941345214844,64511.265625,52763.042578125,154.83590698242188,52763.04296875
65039.48828125,166.04830932617188,65039.5,52160.3693359375,152.1522216796875,52160.37109375
65354.86005859375,166.5597686767578,65354.84765625,56838.1744140625,167.87307739257812,56838.16796875
61564.75815429688,162.80174255371094,61564.75390625,51752.5427734375,152.62857055664062,51752.5390625
63368.627197265625,164.5033416748047,63368.62890625,50709.9875,149.69802856445312,50709.9921875
64731.5287109375,166.7744598388672,64731.52734375,56433.9857421875,164.86300659179688,56433.984375
62746.22260742188,164.22731018066406,62746.21484375,52244.0357421875,155.49330139160156,52244.0390625
63005.89653320312,165.02976989746094,63005.89453125,52369.186328125,153.6835479736328,52369.1875
64357.611328125,165.90316772460938,64357.60546875,52232.0400390625,153.36058044433594,52232.04296875
64411.65463867188,165.5079345703125,64411.6484375,51425.0591796875,151.38861083984375,51425.05859375
63030.89130859375,164.9326934814453,63030.90625,51579.283984375,153.05506896972656,51579.28125
64816.45444335938,166.7681121826172,64816.453125,52616.894140625,152.37777709960938,52616.8984375
63135.134765625,164.06268310546875,63135.13671875,53928.6716796875,158.8938446044922,53928.671875
67343.76157226562,167.9891815185547,67343.7578125,52124.319140625,154.8634490966797,52124.31640625
62776.741015625,164.6922607421875,62776.734375,52444.1703125,155.05474853515625,52444.16796875
63430.71059570312,164.51905822753906,63430.71484375,50334.391796875,151.0089874267578,50334.390625
62802.33950195312,163.8151092529297,62802.34375,55097.1787109375,161.48924255371094,55097.17578125
63884.92646484375,165.17068481445312,63884.921875,50897.057421875,150.66583251953125,50897.0546875
58998.71328125,159.29974365234375,58998.71875,56624.439453125,168.9503936767578,56624.43359375
63371.31557617187,167.37771606445312,63371.3359375,51084.6140625,152.09429931640625,51084.609375
59964.41860351562,161.2694549560547,59964.421875,49781.8017578125,147.95664978027344,49781.8046875
63266.03823242187,164.88706970214844,63266.0234375,50973.06640625,148.70225524902344,50973.06640625
65801.78798828126,166.61317443847656,65801.78125,50744.7955078125,151.5263214111328,50744.79296875
64154.83452148437,165.0752410888672,64154.8359375,50463.40625,147.93727111816406,50463.40625
63899.51420898437,164.1776885986328,63899.5078125,50755.4654296875,152.7135009765625,50755.46484375
60667.16943359375,160.74655151367188,60667.16796875,51921.3818359375,157.2330780029297,51921.3828125
62268.40107421875,163.31480407714844,62268.40234375,55016.901953125,161.74942016601562,55016.90234375
61406.522216796875,162.8414306640625,61406.53515625,49807.4140625,149.06468200683594,49807.41796875
61650.00947265625,161.94891357421875,61650.0078125,49416.1671875,146.39892578125,49416.171875
57111.40703125,157.6486358642578,57111.40625,49077.209765625,146.7406463623047,49077.20703125
61426.52690429687,161.03494262695312,61426.515625,49919.9142578125,148.43850708007812,49919.9140625
64531.781640625,166.01890563964844,64531.76953125,50097.0396484375,149.28619384765625,50097.03515625
61305.78154296875,162.02198791503906,61305.77734375,49973.3685546875,150.13531494140625,49973.37109375
63094.191015625,164.22669982910156,63094.1875,52942.38515625,157.84268188476562,52942.37890625
60408.34848632813,162.5072479248047,60408.33984375,52900.3302734375,160.2560577392578,52900.328125
64041.12241210938,166.5232696533203,64041.12109375,51419.2919921875,149.910888671875,51419.2890625
61742.73374023438,162.99063110351562,61742.7265625,51560.0109375,155.13209533691406,51560.01171875
62229.81508789062,162.82321166992188,62229.82421875,52129.513671875,156.41294860839844,52129.51171875
62925.5095703125,163.02340698242188,62925.515625,48562.33359375,146.39697265625,48562.33203125
62004.72099609375,161.88143920898438,62004.71875,51243.5216796875,158.06985473632812,51243.5234375
62386.05278320312,163.18539428710938,62386.046875,50134.82890625,149.7709503173828,50134.83203125
58168.48876953125,158.4413299560547,58168.48828125,49876.67421875,150.53538513183594,49876.6796875
61818.23911132813,161.2930450439453,61818.2265625,49009.25625,148.8079071044922,49009.25390625
62105.9994140625,161.2182159423828,62106.0078125,48905.58984375,146.56509399414062,48905.59375
63857.17236328125,163.50909423828125,63857.1640625,52233.016796875,159.50970458984375,52233.01171875
61365.18452148438,161.41790771484375,61365.171875,50080.96875,152.55703735351562,50080.96484375
64725.45473632812,166.13099670410156,64725.453125,49339.141796875,152.1102752685547,49339.140625
59714.74677734375,160.52659606933594,59714.734375,51012.89453125,156.8616943359375,51012.89453125
61825.42275390625,162.97189331054688,61825.421875,48616.152734375,148.17242431640625,48616.15234375
60554.91997070312,161.31790161132812,60554.91015625,49041.8955078125,146.78411865234375,49041.890625
59178.61040039062,158.92381286621094,59178.60546875,50656.9482421875,154.2550506591797,50656.9453125
59922.2634765625,160.3927459716797,59922.2578125,48871.0201171875,149.9041290283203,48871.02734375
57583.55703125,158.43063354492188,57583.55859375,47414.0033203125,144.04432678222656,47414.0078125
62955.84135742187,162.7762908935547,62955.83984375,48690.730078125,149.59388732910156,48690.734375
62585.86274414063,162.4180450439453,62585.85546875,47639.5646484375,148.0833740234375,47639.56640625
57996.73403320312,157.30979919433594,57996.73046875,47148.6291015625,145.77996826171875,47148.625
58815.8748046875,158.69635009765625,58815.87109375,47105.6763671875,143.70947265625,47105.67578125
62481.705859375,160.70225524902344,62481.703125,53442.10078125,163.4022216796875,53442.09765625
59714.60698242187,160.2111053466797,59714.59765625,48815.2333984375,147.02223205566406,48815.23046875
60008.59868164062,160.63009643554688,60008.59375,47116.16171875,146.25624084472656,47116.1640625
58156.27885742187,157.51243591308594,58156.28125,50724.8662109375,156.60997009277344,50724.86328125
59585.81513671875,159.16387939453125,59585.796875,46693.436328125,143.34307861328125,46693.43359375
59211.54150390625,159.1116180419922,59211.53125,48149.9908203125,146.00518798828125,48149.9921875
58822.64072265625,157.8021697998047,58822.62890625,46898.525390625,144.10739135742188,46898.52734375
59615.06040039063,158.25160217285156,59615.0703125,48902.6759765625,147.4550018310547,48902.67578125
55928.57807617188,154.527099609375,55928.5703125,50877.4904296875,156.92393493652344,50877.4921875
58016.36650390625,156.31040954589844,58016.37890625,47375.844140625,145.7678680419922,47375.84375
57168.72133789062,156.9072723388672,57168.734375,47051.26953125,143.80284118652344,47051.2734375
59117.468017578125,157.0840301513672,59117.46484375,46181.091015625,143.30299377441406,46181.08984375
60963.16079101562,159.79800415039062,60963.15625,45722.226953125,139.5001220703125,45722.2265625
56864.90498046875,154.15673828125,56864.90234375,47405.4779296875,146.6230926513672,47405.4765625
57906.30795898438,155.6176300048828,57906.31640625,46945.1146484375,143.27297973632812,46945.12109375
60332.94077148438,160.7962188720703,60332.94140625,50510.11953125,156.34371948242188,50510.11328125
55180.880126953125,153.39080810546875,55180.87109375,47049.7482421875,145.086669921875,47049.74609375
59745.636328125,159.04893493652344,59745.64453125,46564.53515625,141.38697814941406,46564.53515625
55197.26762695312,153.1147918701172,55197.265625,47990.8892578125,149.37060546875,47990.890625
56417.19125976563,154.45846557617188,56417.19140625,46949.7912109375,144.05645751953125,46949.7890625
58965.06000976563,157.99598693847656,58965.0625,45413.2595703125,143.61044311523438,45413.26171875
60463.8244140625,159.72817993164062,60463.83203125,48308.1009765625,150.42176818847656,48308.10546875
58826.92788085937,156.9187469482422,58826.91796875,46403.646484375,144.42221069335938,46403.64453125
56942.70834960938,155.8538818359375,56942.7265625,46444.1333984375,145.8096923828125,46444.1328125
59603.44624023438,158.4107208251953,59603.44921875,48237.853125,145.04989624023438,48237.85546875
59981.321484375,158.93902587890625,59981.3203125,45193.001953125,142.13589477539062,45193.0
60932.46127929688,159.0779571533203,60932.453125,47098.906640625,149.94723510742188,47098.90625
59000.03500976563,158.70010375976562,59000.02734375,45228.2708984375,141.57171630859375,45228.2734375
57826.380615234375,156.29705810546875,57826.37890625,44430.1509765625,138.03390502929688,44430.15234375
56190.533203125,155.41647338867188,56190.53515625,46457.799609375,147.6534423828125,46457.796875
58719.60952148437,155.62261962890625,58719.609375,54011.1646484375,163.56100463867188,54011.16796875
56089.14213867187,154.81411743164062,56089.140625,44915.1166015625,144.19296264648438,44915.11328125
53198.30463867188,149.51576232910156,53198.30078125,43725.8798828125,137.0928192138672,43725.875
58172.06416015625,153.88841247558594,58172.0625,48856.0587890625,148.81619262695312,48856.0546875
54709.34404296875,151.24571228027344,54709.3359375,46454.437109375,149.07553100585938,46454.4375
62660.11469726563,160.1064453125,62660.109375,44276.9322265625,139.92218017578125,44276.9375
54589.95327148437,150.63409423828125,54589.953125,42920.626171875,135.12017822265625,42920.625
54928.61528320312,149.5537567138672,54928.62109375,42612.601171875,132.9246063232422,42612.6015625
55129.256640625,149.86639404296875,55129.25390625,42933.694140625,135.30172729492188,42933.69140625
54690.62807617187,151.4200439453125,54690.63671875,50805.878515625,155.73008728027344,50805.87890625
53971.01401367188,150.34716796875,53971.015625,43977.4521484375,141.3058319091797,43977.453125
58774.41923828125,154.46961975097656,58774.41796875,44532.3552734375,144.52598571777344,44532.3515625
54440.515380859375,150.71978759765625,54440.50390625,43560.4958984375,138.59962463378906,43560.49609375
57941.55537109375,155.50888061523438,57941.56640625,43917.74609375,138.4774932861328,43917.7421875
52633.76435546875,149.57266235351562,52633.765625,42832.064453125,134.96041870117188,42832.05859375
55010.48232421875,150.86061096191406,55010.4765625,42841.0720703125,136.79910278320312,42841.0703125
54055.53940429688,150.05886840820312,54055.52734375,43085.086328125,136.29913330078125,43085.0859375
55958.19614257813,152.6005096435547,55958.1953125,43078.3369140625,135.7027587890625,43078.3359375
52940.73271484375,149.42825317382812,52940.73046875,41976.6123046875,133.25950622558594,41976.609375
55335.34272460938,150.7396697998047,55335.34765625,41269.1470703125,132.43495178222656,41269.15234375
57115.52963867188,153.50881958007812,57115.51953125,43096.8419921875,138.13699340820312,43096.83984375
52430.03471679687,148.91775512695312,52430.0234375,42735.39921875,138.98377990722656,42735.3984375
54546.71635742187,149.34390258789062,54546.71484375,45493.034375,143.33987426757812,45493.03515625
55613.02817382813,150.31045532226562,55613.01953125,40878.297265625,130.0413055419922,40878.30078125
55403.0427734375,150.04745483398438,55403.0390625,46359.1984375,147.62142944335938,46359.203125
56229.2455078125,151.85755920410156,56229.234375,41196.8509765625,132.5084228515625,41196.84375
51278.38178710938,145.74734497070312,51278.37109375,42086.9625,134.1000213623047,42086.96484375
53252.89853515625,147.84323120117188,53252.8984375,44261.221484375,140.33055114746094,44261.21875
53994.56918945313,147.8825225830078,53994.578125,41607.1435546875,131.72589111328125,41607.14453125
54456.71123046875,148.7572479248047,54456.69921875,42061.1255859375,134.80935668945312,42061.12890625
51964.24052734375,147.57603454589844,51964.24609375,40461.5650390625,129.37876892089844,40461.56640625
52335.59731445312,145.7826690673828,52335.59765625,40110.1435546875,129.94496154785156,40110.14453125
56185.180908203125,150.7869110107422,56185.17578125,40099.036328125,130.22215270996094,40099.03515625
52207.1107421875,145.68533325195312,52207.11328125,48755.869921875,150.9998016357422,48755.87109375
52671.2919921875,147.9817657470703,52671.30078125,44596.9142578125,145.51258850097656,44596.9140625
51189.1724609375,146.4810028076172,51189.16796875,42915.93828125,136.25881958007812,42915.9375
54885.0580078125,150.31265258789062,54885.0546875,40854.5607421875,130.29269409179688,40854.5625
52718.13032226563,148.49053955078125,52718.125,41058.2513671875,136.29331970214844,41058.25390625
52420.6216796875,148.13377380371094,52420.62109375,40881.1646484375,132.5165557861328,40881.1640625
52966.97719726562,145.84584045410156,52966.96875,40789.87109375,133.73492431640625,40789.87109375
52075.84389648437,147.1974334716797,52075.859375,45397.8638671875,144.73960876464844,45397.8671875
51170.0763671875,145.8011474609375,51170.0625,41087.0693359375,132.58299255371094,41087.0703125
54311.555078125,148.80612182617188,54311.55078125,40659.633984375,133.75335693359375,40659.63671875
50065.1025390625,144.28172302246094,50065.10546875,46945.7087890625,152.8078155517578,46945.7109375
52633.39660644531,149.16078186035156,52633.3828125,45001.6427734375,143.60311889648438,45001.6484375
49962.746875,145.34446716308594,49962.75,42487.2419921875,133.55084228515625,42487.24609375
54496.88813476563,147.7733612060547,54496.890625,47903.7732421875,152.10755920410156,47903.77734375
56512.87890625,152.34689331054688,56512.87109375,52294.275,163.64718627929688,52294.27734375
52482.148046875,149.3981170654297,52482.14453125,39820.476171875,131.7570343017578,39820.48046875
53644.92041015625,148.5014190673828,53644.921875,40558.617578125,131.56805419921875,40558.6171875
56084.16782226563,150.51638793945312,56084.16015625,39691.992578125,130.48202514648438,39691.9921875
52466.53271484375,147.18614196777344,52466.5234375,40516.790234375,134.15982055664062,40516.79296875
51008.21391601562,144.73764038085938,51008.21875,45338.194140625,145.8304443359375,45338.1953125
52548.88232421875,146.1723175048828,52548.890625,40824.6869140625,135.30538940429688,40824.68359375
51678.29501953125,147.39588928222656,51678.30078125,40744.2376953125,134.33363342285156,40744.23828125
51392.26689453125,146.5663299560547,51392.265625,39381.4033203125,129.38714599609375,39381.40625
48232.12944335937,141.1263427734375,48232.1328125,39822.1359375,130.70001220703125,39822.12890625
48960.33940429687,142.45448303222656,48960.33984375,43929.68203125,142.5459747314453,43929.6796875
50789.35400390625,145.8321075439453,50789.359375,42542.9869140625,140.89056396484375,42542.98828125
49054.92875976562,142.5833740234375,49054.93359375,41437.869921875,136.6458740234375,41437.8671875
51961.949951171875,146.1416778564453,51961.95703125,39570.2783203125,133.03529357910156,39570.2734375
51585.83999023437,146.45191955566406,51585.83984375,42457.5611328125,134.39149475097656,42457.55859375
49556.71918945313,141.39349365234375,49556.71875,40046.234765625,129.0220489501953,40046.234375
51370.99150390625,145.46754455566406,51370.9921875,39104.4814453125,127.91666412353516,39104.484375
49685.51467285156,142.87835693359375,49685.51171875,42695.528515625,141.4153594970703,42695.52734375
58262.4599609375,153.80873107910156,58262.46484375,39525.1775390625,130.66624450683594,39525.17578125
52080.905859375,146.7108917236328,52080.91015625,39611.216015625,131.79750061035156,39611.21484375
49863.63432617187,143.65643310546875,49863.62890625,40423.37265625,134.15699768066406,40423.37109375
50052.4951171875,145.3282470703125,50052.49609375,43169.9705078125,141.40499877929688,43169.96875
52615.16108398438,147.79904174804688,52615.15625,40435.1595703125,134.3312530517578,40435.16015625
55073.95263671875,150.16671752929688,55073.953125,38014.78984375,127.04750061035156,38014.7890625
54173.046704101565,149.9498291015625,54173.04296875,38888.2484375,128.65005493164062,38888.25
49385.81005859375,141.84799194335938,49385.8046875,39378.4865234375,130.6806640625,39378.48828125
49431.79013671875,143.23226928710938,49431.796875,38066.38935546875,125.16787719726562,38066.39453125
51954.82309570313,146.631103515625,51954.82421875,40500.58203125,135.9558563232422,40500.578125
53882.92080078125,146.71669006347656,53882.91796875,39640.2486328125,131.49578857421875,39640.2421875
52694.60087890625,147.5618438720703,52694.59765625,38777.5396484375,129.75013732910156,38777.54296875
51606.7802734375,146.14405822753906,51606.7890625,38792.041015625,128.32891845703125,38792.04296875
51543.593994140625,146.2807159423828,51543.58984375,40257.4591796875,134.43649291992188,40257.4609375
49707.311328125,141.81761169433594,49707.30859375,38434.3994140625,127.24942779541016,38434.40234375
51069.95947265625,142.5441436767578,51069.9609375,39311.219921875,132.1909637451172,39311.21875
57385.46254882812,154.69973754882812,57385.4609375,37503.8048828125,123.92835998535156,37503.8046875
50827.54248046875,144.34869384765625,50827.5390625,38252.14765625,126.14258575439453,38252.1484375
48921.18020019531,142.3501434326172,48921.1796875,37416.84521484375,124.60260009765625,37416.84375
51545.27622070313,143.61383056640625,51545.26953125,40169.0072265625,135.65049743652344,40169.00390625
51730.02177734375,144.0027313232422,51730.0234375,37389.52822265625,125.57321166992188,37389.5234375
51636.88920898437,144.72515869140625,51636.890625,37077.75146484375,123.01532745361328,37077.75
48533.84262695313,142.0563507080078,48533.84765625,40456.253515625,135.33306884765625,40456.25390625
49792.2978515625,141.74420166015625,49792.3046875,37819.00263671875,125.40348815917969,37819.00390625
46716.86362304688,139.2537384033203,46716.86328125,37193.2576171875,122.54358673095703,37193.26171875
50135.4447265625,141.84388732910156,50135.44140625,37441.7751953125,122.67688751220703,37441.77734375
50747.0669921875,143.49508666992188,50747.05859375,43928.8978515625,145.22764587402344,43928.8984375
49039.2685546875,143.49728393554688,49039.27734375,38218.60517578125,129.11309814453125,38218.6015625
48575.411376953125,139.9055938720703,48575.40625,38235.3451171875,128.41494750976562,38235.34375
50279.64643554688,143.26329040527344,50279.64453125,39082.1564453125,130.60353088378906,39082.15234375
48217.88325195313,139.41494750976562,48217.87890625,37292.83671875,125.93376159667969,37292.83203125
52847.18876953125,146.4423370361328,52847.1875,36770.88173828125,123.42552185058594,36770.8828125
50453.61376953125,141.90664672851562,50453.6171875,39074.98828125,131.5132293701172,39074.98828125
49722.64360351562,143.4517059326172,49722.640625,37336.0080078125,126.36911010742188,37336.01171875
52666.659423828125,145.8125762939453,52666.66015625,37484.436328125,127.98374938964844,37484.43359375
51555.06142578125,142.23963928222656,51555.05859375,38472.080078125,130.2122802734375,38472.078125
54863.0615234375,146.92124938964844,54863.05859375,38268.473046875,126.91339111328125,38268.4765625
50132.84077148438,142.9352569580078,50132.83984375,37895.9986328125,125.89395141601562,37896.0
49769.1287109375,141.3665771484375,49769.1171875,37473.1634765625,124.88288879394531,37473.1640625
48676.54716796875,141.2830810546875,48676.54296875,38635.2267578125,130.14938354492188,38635.22265625
52111.043701171875,143.77638244628906,52111.04296875,36765.655078125,124.07891082763672,36765.65234375
48187.786938476565,140.8201141357422,48187.78515625,37409.85703125,124.91065979003906,37409.85546875
49570.0228515625,142.24530029296875,49570.03125,36411.62626953125,122.89978790283203,36411.62890625
47102.40871582031,139.43734741210938,47102.4140625,37072.84951171875,126.68620300292969,37072.84765625
50129.96206054687,140.87353515625,50129.97265625,36683.7169921875,124.2993392944336,36683.71875
47999.468969726564,141.3205108642578,47999.4609375,36944.73896484375,123.71217346191406,36944.734375
55061.05427246094,147.78382873535156,55061.05078125,36439.0224609375,121.67757415771484,36439.01953125
52067.63955078125,143.21408081054688,52067.6484375,36399.91650390625,124.71869659423828,36399.921875
48525.46181640625,139.51988220214844,48525.46484375,36451.82265625,123.44538879394531,36451.8203125
48016.3068359375,139.78863525390625,48016.30859375,35888.79609375,120.99978637695312,35888.7890625
48850.83891601562,140.3006591796875,48850.83984375,37265.33779296875,128.71580505371094,37265.33984375
50959.006079101564,144.34503173828125,50959.0,37613.3458984375,127.80071258544922,37613.34375
50182.08637695313,141.21401977539062,50182.078125,38832.4529296875,128.0089569091797,38832.453125
53198.36225585938,144.4407196044922,53198.36328125,39401.9078125,135.88009643554688,39401.90234375
48673.588549804685,141.89901733398438,48673.5859375,39102.351953125,131.82427978515625,39102.34765625
49407.03510742188,141.01217651367188,49407.03515625,40709.5787109375,134.656982421875,40709.578125
51780.51701660156,143.99790954589844,51780.5078125,35806.52744140625,121.30827331542969,35806.52734375
49259.44086914063,141.7874298095703,49259.44921875,36765.27099609375,126.15937805175781,36765.2734375
48052.39064941406,138.99026489257812,48052.39453125,35333.53408203125,119.37352752685547,35333.53125
50121.65703125,140.70921325683594,50121.65625,35307.542578125,121.30642700195312,35307.5390625
50432.22509765625,142.4342803955078,50432.21875,35875.3361328125,122.53453826904297,35875.3359375
48587.323022460936,142.2556915283203,48587.32421875,36571.625390625,123.60802459716797,36571.62109375
51586.29938964844,144.54637145996094,51586.3046875,38542.59140625,131.0531463623047,38542.59375
47695.14790039063,139.0745086669922,47695.16015625,37107.20029296875,128.66140747070312,37107.203125
49787.00874023438,142.6277313232422,49787.00390625,38293.4046875,130.5890350341797,38293.40234375
51189.22951660156,142.22320556640625,51189.23046875,39222.2640625,133.38035583496094,39222.26171875
52239.21733398437,146.0766143798828,52239.2109375,40497.9701171875,141.06658935546875,40497.97265625
47250.84379882812,139.5052490234375,47250.83984375,35814.1080078125,121.22842407226562,35814.109375
48510.06879882813,141.37353515625,48510.0703125,37800.1216796875,127.9167251586914,37800.12109375
50827.87055664063,141.77175903320312,50827.875,36466.8765625,127.91069030761719,36466.875
46266.89223632812,136.7852783203125,46266.89453125,39244.6572265625,131.9581298828125,39244.65625
48875.039453125,139.64393615722656,48875.04296875,36749.0025390625,126.82597351074219,36749.00390625
46176.57219238281,137.67381286621094,46176.57421875,35891.28662109375,125.7688980102539,35891.28125
48965.162817382814,140.63551330566406,48965.16015625,34513.51416015625,117.2623519897461,34513.515625
47164.3171875,138.67184448242188,47164.31640625,34502.737109375,117.5045394897461,34502.73828125
47354.94516601563,137.08892822265625,47354.94921875,37570.6509765625,128.53529357910156,37570.65625
48907.84035644531,142.0769805908203,48907.8203125,35488.33984375,123.63726043701172,35488.3359375
51962.299584960936,144.59068298339844,51962.2890625,38181.3232421875,131.53305053710938,38181.32421875
45917.10791015625,135.8780975341797,45917.11328125,34887.4580078125,121.95367431640625,34887.45703125
48028.51796875,139.62709045410156,48028.515625,36175.20224609375,124.15908813476562,36175.19921875
47620.4560546875,139.1583709716797,47620.453125,35432.08857421875,121.54100036621094,35432.08984375
44308.11584472656,133.6558074951172,44308.12890625,35711.98740234375,121.94976043701172,35711.9921875
45657.0654296875,136.4206085205078,45657.0703125,37502.6140625,129.98500061035156,37502.61328125
47721.156982421875,138.50778198242188,47721.15625,35361.21591796875,121.30599975585938,35361.21484375
47425.39885253906,137.89523315429688,47425.40234375,34545.85068359375,119.97468566894531,34545.84765625
52744.838598632814,145.9800567626953,52744.83984375,36466.89306640625,124.48353576660156,36466.89453125
46158.627709960936,137.17608642578125,46158.6171875,37219.89931640625,124.91500091552734,37219.8984375
45917.304443359375,136.6710662841797,45917.3046875,34170.5521484375,118.16455078125,34170.55078125
45350.08493652344,135.8317108154297,45350.08984375,35592.4158203125,125.05797576904297,35592.4140625
44781.408935546875,134.90219116210938,44781.40234375,33557.47939453125,115.60759735107422,33557.4765625
49110.375756835936,139.28323364257812,49110.37890625,36102.2595703125,123.28777313232422,36102.2578125
48189.89938964844,138.4615936279297,48189.90234375,37090.98798828125,128.60899353027344,37090.98046875
47239.28623046875,137.03269958496094,47239.2890625,35695.152734375,125.30741119384766,35695.15625
49522.52524414063,139.53521728515625,49522.53515625,34491.1080078125,118.65858459472656,34491.10546875
46715.13527832031,138.9571075439453,46715.13671875,34574.35888671875,121.58615112304688,34574.359375
48160.33525390625,140.86074829101562,48160.33984375,34123.28603515625,118.98231506347656,34123.28125
45860.19838867187,135.7676239013672,45860.1953125,35858.240625,123.45648956298828,35858.2421875
48333.732202148436,141.28094482421875,48333.73828125,33693.1689453125,117.62059020996094,33693.16796875
48028.08120117187,138.87054443359375,48028.0859375,35282.4904296875,123.82820892333984,35282.48828125
44518.328930664065,135.29055786132812,44518.32421875,40323.551171875,138.81381225585938,40323.55078125
45024.11579589844,134.9021453857422,45024.11328125,34797.695703125,121.53981018066406,34797.69140625
51429.23828125,142.87832641601562,51429.2421875,36932.10712890625,128.73011779785156,36932.1015625
47830.85395507813,139.17901611328125,47830.8515625,40733.6548828125,135.6792449951172,40733.65625
48676.34404296875,142.20944213867188,48676.3359375,38430.1267578125,133.718505859375,38430.1328125
