loss,mae,msle,val_loss,val_mae,val_msle
37.32572074,2900.216797,37.32572556,20.78802781,2905.549561,20.78802681
16.61421812,2867.400146,16.61422157,11.81463683,2846.549561,11.81463718
9.671752602,2788.803467,9.67175293,7.638392961,2744.662842,7.638392925
6.380729905,2670.415039,6.380730629,5.357903588,2612.301514,5.357903957
4.646984574,2526.053467,4.646987438,4.061145318,2458.708008,4.061145306
3.620558059,2364.967285,3.620558977,3.247837722,2289.96167,3.247837305
2.945397955,2188.854736,2.945398569,2.690630668,2106.351074,2.690630436
2.492697357,2008.772949,2.492697239,2.328221557,1918.918579,2.32822156
2.188098771,1821.00061,2.188098907,2.053674769,1740.216187,2.053674698
1.958325672,1634.484131,1.958325982,1.852303934,1559.243286,1.852303863
1.776156223,1456.137573,1.776156664,1.732452062,1357.454956,1.732452154
1.669121946,1277.793945,1.669121861,1.606863111,1194.091553,1.606862903
1.585284849,1113.974365,1.585285068,1.526739024,1037.352661,1.52673924
1.532049057,955.9290771,1.532048821,1.469848354,883.0133057,1.469848275
1.459005791,816.8323364,1.459005833,1.426642308,768.9136963,1.426642299
1.439225798,722.8487549,1.439226031,1.394406873,691.5907593,1.394406915
1.403574467,666.3985596,1.403574347,1.376870559,657.3336182,1.376870632
1.385880561,649.4731445,1.38588047,1.359738846,642.1053467,1.359739065
1.387045546,647.5391846,1.387045741,1.343543331,663.3065796,1.343543291
1.379506674,664.1760254,1.37950635,1.343956915,668.4909668,1.343956709
1.357771695,679.5890503,1.357771754,1.327202253,698.1594238,1.327202201
1.354662879,705.0527344,1.354662418,1.320160593,725.9053345,1.320160747
1.354872355,723.9902344,1.354872584,1.323831552,747.3723145,1.323831677
1.344726525,744.7963257,1.344726443,1.313717897,762.5375366,1.313717842
1.35580222,762.0420532,1.355802178,1.310427473,775.7344971,1.310427666
1.364276527,776.4154663,1.364276648,1.349605259,774.6488037,1.349605203
1.354198708,791.1751709,1.354198337,1.304956906,799.6025391,1.304957151
1.372071566,801.9107666,1.372072101,1.310604014,807.8057251,1.310604095
1.340322385,804.8525391,1.340322614,1.303598467,814.1234131,1.303598523
1.348051719,816.5698853,1.348051906,1.303058673,823.5608521,1.303058863
1.33212862,818.8568115,1.332128763,1.307046838,829.3535767,1.307047009
1.340499833,829.6395264,1.340499759,1.299573928,840.0725708,1.299573898
1.333559354,834.149292,1.33355999,1.30767221,831.402771,1.307672143
1.345977481,829.9720459,1.345977545,1.299025428,838.5877075,1.299025416
1.342431413,829.8618774,1.342431784,1.292994583,833.7235718,1.29299438
1.329575897,826.4962769,1.329575658,1.296467826,836.2275391,1.2964679
1.338443282,828.7282104,1.338443398,1.289657836,834.1924438,1.289657831
1.315168829,830.4790649,1.315168738,1.298680367,839.2158813,1.298680067
1.324517816,834.2850342,1.324517608,1.289023784,847.7102051,1.289023757
1.347956735,835.6896362,1.347956657,1.293075085,840.8624268,1.293075323
1.336030743,834.0358887,1.336030722,1.306788634,844.0899048,1.306788921
1.328302872,830.8710327,1.328303218,1.29473913,836.4105225,1.294739008
1.346482278,832.6674805,1.346482396,1.296154086,834.1605225,1.296154141
1.328326613,829.0432739,1.328326464,1.289723073,833.7390747,1.289723158
1.333003547,832.5853271,1.333003402,1.284272593,839.1583862,1.284272909
1.334278378,829.4512939,1.334278107,1.291458666,831.6279297,1.291458726
1.340835437,827.3076782,1.34083581,1.282637508,825.829834,1.282637596
1.315672412,827.5976563,1.315672517,1.302720876,837.9628296,1.302720666
1.314174818,825.8030396,1.314174771,1.28054067,832.668457,1.280540586
1.33214229,825.1981201,1.332142115,1.277368084,832.367981,1.277368069
1.319582764,825.3955688,1.319582701,1.281904711,833.9575195,1.281904578
1.326724838,826.4354248,1.326725125,1.278324707,830.473999,1.278324842
1.309077591,822.1708374,1.309077501,1.279555866,822.2678833,1.279556036
1.325914303,819.5994263,1.325914383,1.281663853,830.5150757,1.281663895
1.3233684,823.6342163,1.323368311,1.286601834,827.6975708,1.28660202
1.318119771,820.9577026,1.318119764,1.278512479,821.6945801,1.278512597
1.327449637,828.9351807,1.32744956,1.272541673,830.4500732,1.272541881
1.337999383,825.8478394,1.337999463,1.274335359,834.3113403,1.274335504
1.316557124,827.3304443,1.316556811,1.277236155,824.2692261,1.277236104
1.342247336,814.6021729,1.342247367,1.271011084,817.6706543,1.271010995
1.325195313,816.9953613,1.325195551,1.271655285,824.5405273,1.27165544
1.313203209,808.428772,1.313203096,1.272078839,809.9702148,1.272078753
1.31912007,811.6205444,1.319120407,1.280236967,823.0910645,1.280236959
1.31740509,815.4694214,1.317405343,1.271335249,824.9054565,1.271335125
1.312550306,816.9054565,1.312550545,1.275106747,832.6782227,1.275106788
1.322182319,816.7324829,1.322182536,1.270450747,814.0632324,1.270450711
1.323378463,802.4972534,1.323378086,1.269954555,806.9041748,1.269954443
1.318858078,804.1002197,1.318857789,1.271420676,812.763916,1.271420479
1.315252571,803.5302734,1.315252423,1.277719507,818.5734253,1.277719378
1.331246803,812.5256958,1.331246614,1.279137586,821.6911621,1.279137731
1.342423747,807.9679565,1.342423916,1.287745325,805.4550781,1.287745237
1.350188875,800.940979,1.350189209,1.276974612,794.2503052,1.276974559
1.317718162,790.8744507,1.317718029,1.270221378,792.0234375,1.270221233
1.317039164,799.1452637,1.317039013,1.274997094,812.0541382,1.274996877
1.303242239,808.3649292,1.303241849,1.26456933,817.6900635,1.264569402
1.327110199,807.6903687,1.327110171,1.27826637,816.1704712,1.278266549
1.327597857,793.5595093,1.327597976,1.267910956,799.2279053,1.267911077
1.320496416,798.505127,1.320496559,1.268656313,785.4207153,1.268656135
1.316384519,781.9295044,1.316384912,1.296162967,785.6148071,1.296162844
1.312829984,786.173584,1.312829971,1.265769678,794.8635254,1.26576972
1.330576103,786.9458008,1.330575943,1.266270313,792.9882202,1.266270399
1.312823949,787.7052612,1.312823772,1.263502955,795.4393921,1.263503075
1.311757515,793.6353149,1.311757445,1.263641638,802.9868774,1.263641715
1.321053612,795.9421997,1.321053624,1.267341897,782.371521,1.267342091
1.31027216,785.3292847,1.310272217,1.285280013,786.7324219,1.285279989
1.296243855,785.357666,1.296243906,1.268301164,799.2696533,1.268301368
1.304500989,799.5504761,1.304500341,1.267615849,793.3864136,1.267615914
1.337517652,785.1766968,1.337517619,1.263150503,784.661499,1.263150573
1.323324235,781.1657104,1.323324561,1.277328648,775.9892578,1.277328849
1.320797527,784.9663086,1.320797682,1.267066289,776.0941772,1.26706636
1.302876128,777.4036865,1.302876234,1.269474018,785.7313232,1.26947403
1.321301724,778.0302734,1.321301937,1.266050895,795.1451416,1.266050935
1.319410364,780.4551392,1.319410324,1.279245298,780.4294434,1.279245377
1.317754585,779.291626,1.317754745,1.267643826,769.4133911,1.267644048
1.313319432,779.7724609,1.313319921,1.286315018,776.4072266,1.286314845
1.311926685,765.8931885,1.311926723,1.263487607,767.0730591,1.263487458
1.301334662,772.6295776,1.301334977,1.271359718,782.9550781,1.271359682
1.304868941,769.5103149,1.304869175,1.261176004,773.5662231,1.261176229
1.307346605,766.2106934,1.307346702,1.272202753,764.4254761,1.27220273
1.309503437,765.6149902,1.309503317,1.259957978,767.8460693,1.25995779
1.319576813,767.3862305,1.319576621,1.26269567,757.4442749,1.26269567
1.303939348,760.5108032,1.303939104,1.261044841,764.8814697,1.26104486
1.298756351,754.6350098,1.298756123,1.282172039,757.3029785,1.282172084
1.33473338,752.5134277,1.334733129,1.264220473,755.5837402,1.264220595
1.298060828,761.7329712,1.298061132,1.266696893,766.9725342,1.266696692
1.316252602,755.3458252,1.316252351,1.271965837,743.9967651,1.271965861
1.315560905,742.2866211,1.315560699,1.270463763,770.5088501,1.270463824
1.309133903,754.8087769,1.309133887,1.261808479,768.9412231,1.261808634
1.302006443,753.4358521,1.302006483,1.254838651,751.1061401,1.254838705
1.306335757,746.6964111,1.306335926,1.264437899,758.5523071,1.264438033
1.318013382,744.1413574,1.31801331,1.258382079,741.6010742,1.258381844
1.301673959,743.6965942,1.30167377,1.260953109,744.928833,1.260953188
1.308230702,736.2544556,1.308230877,1.257444145,742.2321167,1.257444143
1.309980924,739.3773804,1.309980512,1.253228414,731.7978516,1.253228426
1.301819497,737.682373,1.301819086,1.250618605,758.7895508,1.250618577
1.296429885,738.2360229,1.296429634,1.25379881,733.9552612,1.253798842
1.297587228,728.9273071,1.297587633,1.253469339,742.0532227,1.253469467
1.322106658,721.8560791,1.322106957,1.251051933,713.9467163,1.251052022
1.311803196,714.1998291,1.311803341,1.263135484,720.9140015,1.263135552
1.303067354,724.3093262,1.303067327,1.253220476,724.8661499,1.253220558
1.290860026,717.3309937,1.290859818,1.245691285,726.9412231,1.245691299
1.304545571,716.6906738,1.304545283,1.247796297,701.9343262,1.247796416
1.299826548,709.2232666,1.299826026,1.248496374,696.9202271,1.248496532
1.317368877,700.2821655,1.317368627,1.244570515,706.9559937,1.244570732
1.303577831,702.7608643,1.303577542,1.246223833,702.0869751,1.246223807
1.284883756,709.0981445,1.284883618,1.244776902,705.8076782,1.244776845
1.278749051,703.0524292,1.27874887,1.239244547,700.2042847,1.23924458
1.285775172,695.9389038,1.285775185,1.249657969,705.9788818,1.249657869
1.288176772,695.015625,1.288176656,1.238565776,689.3203735,1.238565922
1.280181176,685.1958618,1.28018117,1.24212324,683.475708,1.242123127
1.282489431,680.7614746,1.282488942,1.234679615,671.7938232,1.234679818
1.285827287,676.5616455,1.285827279,1.242828064,682.4556274,1.242828131
1.288399978,677.9338379,1.288400412,1.231070517,673.3477783,1.231070518
1.28301401,667.6906128,1.28301394,1.229849209,664.1239624,1.229849458
1.298957955,659.8771973,1.298957825,1.235748243,669.3868408,1.235748172
1.278343942,664.0203247,1.278343797,1.225363302,645.6799316,1.225363374
1.264570867,651.295166,1.264571071,1.224748726,644.7755737,1.22474885
1.284947854,641.9788208,1.284947872,1.229763174,662.0650635,1.229763031
1.282933734,636.0457153,1.282933831,1.223799755,619.3621216,1.223799825
1.279771744,610.4539795,1.279771566,1.219256744,607.6738281,1.219256759
1.270044242,600.7954712,1.270044088,1.214145291,595.3556519,1.214145064
1.268373372,586.3309937,1.268373489,1.205579914,565.9855347,1.205579877
1.252037293,558.6391602,1.252037406,1.207893632,543.3137207,1.20789361
1.255476763,521.3145142,1.255476832,1.21281136,518.9152222,1.21281147
1.261642872,492.6876526,1.261643291,1.191463509,479.9284058,1.19146347
1.23978846,468.8244934,1.239788532,1.196132788,443.2900085,1.196132779
1.238778567,438.5369568,1.238778472,1.188733108,427.7370911,1.188733101
1.253218507,416.9685364,1.253219008,1.19386601,405.5392761,1.193866134
1.22077518,402.4371033,1.220775366,1.167782706,394.0575867,1.167782664
1.210265081,390.3355713,1.21026504,1.161176474,383.1204834,1.161176562
1.244690293,383.1156616,1.244690061,1.167359126,375.2249756,1.167359114
1.202318135,374.0171509,1.202318192,1.151615934,372.3870239,1.151615858
1.202737491,368.602356,1.202737451,1.147663674,353.5150146,1.147663474
1.220483791,364.0193481,1.22048378,1.140680723,351.9707336,1.14068079
1.208672521,357.2490845,1.208672404,1.139054984,348.7923584,1.139055252
1.200009199,355.5184326,1.200009584,1.134571715,340.2935486,1.134571671
1.191715337,351.4132996,1.191715479,1.134448309,345.5367126,1.13444829
1.196235573,347.9428406,1.196235538,1.125594769,343.7817078,1.125594854
1.195639407,348.0704956,1.195639014,1.141951835,344.3856506,1.141951919
1.186904178,349.4650879,1.186904073,1.112771446,335.1151428,1.112771511
1.189874243,344.9071045,1.189874291,1.120959246,338.6048889,1.120959163
1.180702302,346.2422791,1.18070209,1.138041411,342.486969,1.138041496
1.191426012,345.446167,1.19142592,1.143694776,338.3095398,1.143694758
1.191890425,346.8128357,1.191890478,1.103266095,336.6489258,1.103266239
1.208943544,346.490448,1.208943963,1.098462069,332.9434509,1.098461986
1.160229659,343.8058777,1.160229445,1.104361366,332.1826172,1.104361415
1.207075005,345.2971191,1.207075119,1.105672726,337.3156128,1.105672598
1.165269261,343.6841736,1.165269017,1.090199625,332.2982483,1.09019959
1.133689549,340.0223389,1.133689523,1.090850654,333.7808533,1.09085083
1.148836513,339.6182861,1.148836374,1.099701747,328.4743958,1.099702001
1.153578874,342.2887878,1.153578639,1.090212834,330.935791,1.09021306
1.13877168,339.5692444,1.138771653,1.074672388,328.3954468,1.074672341
1.164378593,341.4156799,1.164378762,1.076528181,331.1488342,1.076528072
1.15071144,341.5779114,1.150711656,1.069146821,335.9216919,1.069146991
1.158741903,341.5133972,1.15874207,1.075143255,337.1267395,1.075143218
1.136858923,339.7071838,1.13685894,1.066511622,330.8821411,1.066511512
1.13782234,340.1851196,1.137822866,1.062001364,330.3821106,1.062001228
1.148318011,340.8459473,1.148318291,1.063044475,331.3049927,1.063044548
1.12605873,341.4506836,1.126059055,1.099448662,335.4801331,1.0994488
1.124600857,339.4862671,1.12460041,1.053167723,330.2796631,1.053167939
1.138487055,338.4277039,1.138486981,1.077218448,343.6820984,1.077218413
1.118832431,335.4814758,1.118832231,1.058072047,328.7843628,1.05807209
1.127228604,336.3552246,1.127228498,1.050423093,336.2891235,1.050423145
1.116014371,335.6614685,1.116014123,1.04965229,325.5800781,1.049652338
1.137484965,336.1481018,1.137485027,1.041487212,325.3549194,1.041487217
1.113475954,334.5863342,1.113476157,1.0479293,329.7183533,1.047929406
1.11743909,334.9943848,1.117439032,1.043842088,321.7306824,1.043841839
1.142300227,334.6675415,1.142300725,1.039664756,328.4535828,1.039664507
1.122792575,333.5878906,1.122792363,1.045792818,326.4093628,1.045792818
1.115986537,336.7102661,1.115986228,1.036687872,325.2316895,1.03668797
1.086787888,330.6087646,1.086788177,1.031725964,322.2702332,1.031726122
1.093467853,333.0458374,1.093467593,1.035755527,321.7640381,1.035755515
1.095471658,331.652771,1.095471621,1.032912174,326.6860352,1.032912135
1.103662517,333.3769836,1.103662252,1.026737006,325.4606934,1.026736975
1.103293956,334.2565918,1.103294134,1.022478819,324.9125366,1.022478461
1.099033621,333.7890625,1.099033237,1.028666188,330.8461609,1.028666019
1.088122367,330.3070068,1.088122249,1.006634137,323.8452454,1.006634235
1.077775386,329.4226685,1.077775478,1.012471433,326.5144958,1.012471437
1.084307819,330.2766418,1.084307551,0.9929059,321.2750549,0.992905855
1.075647762,331.9146118,1.075647712,0.985249119,319.635498,0.985249102
1.052701459,328.5649109,1.052701473,0.982075252,316.5461121,0.982075214
1.079570444,327.7792358,1.079570532,0.990774539,318.7185669,0.990774512
1.071360216,330.4864502,1.071359754,0.982243358,320.410614,0.982243359
1.062014701,328.7367554,1.06201458,0.973797065,318.9145203,0.973797083
1.052917427,328.3576355,1.052917242,0.986839317,323.4811401,0.986839354
1.092824734,328.4007263,1.092824817,0.973403245,312.7964478,0.973403096
1.065428824,328.3891602,1.065428734,0.969131954,319.5203857,0.969132125
1.054777998,327.3931885,1.05477798,0.968815507,322.4744873,0.968815506
1.052575884,328.1177979,1.052575946,0.962367424,318.5673828,0.962367356
1.054541274,328.960083,1.054540992,0.968051997,316.1008911,0.96805197
1.054242087,325.6972961,1.054242373,0.953848652,319.0524902,0.95384872
1.04111791,324.3685913,1.041117787,0.957623841,317.2692871,0.957623899
1.051084533,328.4633789,1.051084518,0.96319228,315.6214905,0.963192284
1.0625016,331.2869263,1.062501311,0.947568624,315.8619385,0.947568536
1.024253534,324.7643127,1.024253607,0.942553203,312.4809875,0.942553341
1.000055232,323.34729,1.000055194,0.947935995,322.9232788,0.947936058
1.024109866,323.7159729,1.024109721,0.938112779,313.3121338,0.938112795
1.021752321,326.9107971,1.021752238,0.932973327,316.0842285,0.932973266
1.013710674,322.0884705,1.013710618,0.935336315,319.9701538,0.935336351
1.016444513,324.6686707,1.016444683,0.929543966,319.7806091,0.929544032
1.032852136,324.6317139,1.032851815,0.932220553,318.17453,0.932220578
1.026058613,325.3533325,1.026058555,0.920584504,312.7058716,0.9205845
0.995126151,323.4690857,0.995126188,0.917022301,318.1691895,0.917022347
1.036451287,327.6204834,1.03645134,0.917208979,330.8978882,0.91720897
1.005410106,324.5602112,1.005410194,0.910929116,313.0355225,0.910929084
0.98947679,324.1871643,0.989476681,0.909215051,314.1242676,0.909215152
1.010545126,328.7198486,1.010545254,0.938034604,334.7868652,0.938034654
1.003902002,324.0691223,1.003902197,0.91504073,320.1838684,0.915040791
0.990689979,323.2145691,0.990690112,0.898471156,317.4789124,0.898471177
0.97917036,324.4423218,0.979170203,0.896784417,316.9111328,0.896784484
0.990213433,323.5559692,0.990213096,0.893590251,317.995697,0.89359045
1.013801912,326.7533264,1.013801813,0.892197108,330.2266235,0.892197073
0.991246993,325.7229614,0.991247475,0.901194055,319.446991,0.901194155
0.961707436,322.6832886,0.961707234,0.88707068,317.7974854,0.887070596
0.978456053,324.5570374,0.978456259,0.903599759,316.9446106,0.903599977
0.984825612,326.4030762,0.98482579,0.879851437,323.7258606,0.87985146
0.985917583,326.0192566,0.985917509,0.880559837,317.932373,0.880559862
0.962173641,324.6980591,0.962173522,0.885625603,313.3799133,0.885625482
0.976795815,324.8676147,0.976795971,0.887240503,312.5516968,0.887240529
0.977517228,327.3755493,0.977517188,0.867916118,320.6202698,0.867916107
0.970527277,325.2642212,0.97052747,0.880303292,319.8513184,0.880303204
0.9747579,329.2894897,0.974757731,0.876808954,329.4919739,0.876809061
0.972042859,330.3156128,0.972042561,0.882477575,314.2574768,0.882477641
0.97018254,329.5142212,0.970182598,0.861556286,320.2139587,0.861556232
0.966818614,328.2125854,0.966818929,0.855048075,319.7257996,0.855047941
0.984399792,329.9003601,0.984399915,0.858720069,325.5219421,0.858720124
0.960746672,329.7836304,0.960746408,0.852395245,317.657135,0.852395236
0.949463539,327.4411011,0.949463487,0.859543402,320.0552368,0.859543264
0.939635213,327.5275879,0.939634979,0.845005799,319.1167297,0.845005751
0.963184408,330.9825134,0.963184297,0.845794084,320.6203308,0.845794141
0.951883507,329.8519287,0.951883912,0.838976509,322.6936646,0.838976383
0.953330324,334.7943115,0.953330159,0.838414008,330.1764221,0.838414073
0.959089103,334.7605591,0.959089279,0.847522193,324.6994019,0.847522259
0.938853442,332.4805603,0.938853502,0.845060653,321.2943115,0.845060647
0.968284792,333.7749023,0.968285084,0.836894059,325.7836304,0.836894155
0.938875052,335.4906311,0.938875198,0.837367766,322.578949,0.837367892
0.952865471,336.0627136,0.952865422,0.842017435,326.4703369,0.842017472
0.977739722,338.1776428,0.977740049,0.841337072,330.9752502,0.841337085
0.967104611,338.8143616,0.967104614,0.826245082,320.9855347,0.82624501
0.949569608,335.9490356,0.949569404,0.850558667,327.813385,0.850558698
0.924442219,338.6882935,0.924442172,0.82967843,327.4441528,0.829678535
0.923270176,337.3371887,0.923270106,0.820379921,334.0444641,0.820379972
0.915673646,337.2078552,0.915673614,0.806975853,331.641449,0.806975901
0.90899821,339.511261,0.908997774,0.808517988,332.4319153,0.808517992
0.920937891,338.8164673,0.920937777,0.787633152,329.026062,0.787633121
0.879525161,338.917511,0.879525304,0.787672575,333.6315308,0.787672698
0.932875372,344.6198425,0.932875574,0.800509583,336.6061401,0.800509632
0.892281111,342.8974915,0.892281055,0.788204159,336.8752441,0.788204193
0.92722495,344.3772583,0.927224994,0.786920821,341.1838379,0.786920726
0.922194038,348.6105957,0.922194123,0.786646651,336.431427,0.786646605
0.869383938,345.8414612,0.869383872,0.780228388,336.9152832,0.780228496
0.866493031,344.2124329,0.866492987,0.772073887,339.8355713,0.772073925
0.881942002,348.2858887,0.881941617,0.766264464,340.5980835,0.766264558
0.86536472,349.5286255,0.865364671,0.772480047,349.2004089,0.772479951
0.888570806,354.4699097,0.888570905,0.78140365,351.6351624,0.78140372
0.898073753,354.0962219,0.898073912,0.760062333,346.2402954,0.760062397
0.8830392,356.129303,0.883039355,0.751715523,350.0776062,0.751715481
0.870997025,354.8200073,0.870996773,0.739926172,348.7861633,0.739926159
0.884769732,359.1534729,0.884769917,0.735086346,346.986145,0.735086322
0.871164009,355.8335876,0.871164083,0.730344423,348.5739136,0.730344355
0.858509004,356.5478516,0.858509004,0.731360101,348.8269043,0.731360137
0.848424422,358.3972473,0.848424733,0.738880444,354.8126831,0.738880515
0.825864767,359.2322083,0.825864673,0.718892067,357.1470642,0.718892217
0.828395186,360.7267151,0.828395128,0.72651661,351.3615723,0.726516545
0.835565885,364.3831482,0.835565925,0.708831675,352.0992126,0.708831668
0.847311798,361.068512,0.847311735,0.725500588,362.1142883,0.725500643
0.837967492,366.1338501,0.837967575,0.725006951,359.264679,0.725006998
0.807641663,364.6069641,0.807641685,0.719982708,357.6953125,0.719982743
0.824877229,367.8507385,0.824877322,0.679088116,356.5174866,0.679088116
0.815814439,365.1220703,0.815814435,0.682741649,364.2585144,0.682741642
0.81094298,369.1809998,0.810943067,0.692303579,362.3257141,0.692303598
0.81711262,367.3250122,0.817112565,0.675920944,363.2417603,0.675921023
0.818248734,369.6965942,0.81824851,0.680620755,362.0740967,0.68062073
0.833506783,374.5474243,0.833506823,0.698669422,370.400177,0.698669434
0.840023277,373.9233093,0.840023339,0.683602278,369.3469849,0.683602273
0.819675956,372.8188171,0.819676101,0.664295086,366.4419556,0.664295077
0.813815104,374.5111389,0.813815355,0.658233604,369.6642151,0.658233643
0.813361803,376.9899292,0.813361943,0.68957215,363.6534119,0.689572215
0.781798868,373.1114502,0.781798959,0.667947285,363.1030579,0.667947292
0.776542433,374.6074829,0.776542425,0.644704977,370.014801,0.644705057
0.785957202,378.7307129,0.785957158,0.635846864,368.8903198,0.635846794
0.78697517,379.3280945,0.786975086,0.64264992,369.2463379,0.642649829
0.817376137,381.2918396,0.817376137,0.654081101,372.217865,0.654081106
0.805087922,380.9948425,0.805088103,0.633577606,373.4220276,0.633577645
0.786152565,383.7802429,0.786152661,0.621079244,378.1103516,0.621079206
0.779482513,383.9101257,0.779482424,0.609970731,375.057373,0.609970748
0.785282367,384.1447144,0.785282254,0.631605029,374.765625,0.631605029
0.824926065,386.3726196,0.824926078,0.659707881,387.3945618,0.659707844
0.768428474,383.9291077,0.768428683,0.62039187,376.1252136,0.620391965
0.80149185,385.973114,0.801491737,0.622322906,382.70224,0.622322857
0.76765267,387.7622375,0.767652512,0.669474231,373.1442566,0.669474244
0.790235509,388.5101318,0.790235579,0.595259778,374.8066101,0.595259786
0.757730579,387.2578125,0.757730782,0.602601489,383.2323914,0.602601528
0.738027909,387.0126343,0.738028049,0.623733842,378.0581665,0.623733938
0.756483656,388.5641785,0.756483674,0.584420481,381.6749878,0.584420383
0.761298729,390.0595093,0.761298656,0.582725346,381.6812744,0.582725406
0.769759427,392.8096619,0.769759119,0.598085688,395.4107056,0.598085642
0.755852947,394.6511841,0.755852938,0.580758374,385.9142761,0.580758393
0.743106191,394.1737976,0.743106127,0.564354493,384.6137695,0.564354479
0.73991385,392.050354,0.739913762,0.603463474,394.3865051,0.603463411
0.767703633,396.2251892,0.767703474,0.570784707,382.0606384,0.570784748
0.746093792,395.2052917,0.74609375,0.614121509,381.3010559,0.614121437
0.741630529,395.4367065,0.741630733,0.54970191,386.0927124,0.549701929
0.746707852,399.5276794,0.746708035,0.588864082,387.2114563,0.588864028
0.709618546,398.2168884,0.709618509,0.54973214,392.0245361,0.549732149
0.745582991,397.9028625,0.745582938,0.604955228,388.1231995,0.604955256
0.735012999,400.1368408,0.735013068,0.543205079,393.7120361,0.543205023
0.735869577,400.2285767,0.735869646,0.597215302,388.2357178,0.597215354
0.746149152,404.6478271,0.746149063,0.606158805,394.2018433,0.606158733
0.752649243,406.4696655,0.752649188,0.554731032,398.3289795,0.554731011
0.730334425,404.7221985,0.730334222,0.557619569,397.2453918,0.557619631
0.74481755,405.9918823,0.744817495,0.556602606,401.6630249,0.556602538
0.738194893,406.4972839,0.738194823,0.567131845,396.4196167,0.567131817
0.728932335,408.0892334,0.728932202,0.550545525,401.2391663,0.550545454
0.741531933,409.9372864,0.741531849,0.558020316,406.5921631,0.558020353
0.718298336,407.4941711,0.718298137,0.546565459,395.9781189,0.546565473
0.723017242,411.186676,0.723017335,0.532553937,400.5889893,0.532553911
0.736237899,414.0473022,0.736237705,0.539761844,401.7029724,0.539761841
0.716382181,411.3791504,0.716382205,0.524913334,419.390686,0.524913311
0.735012958,413.2287903,0.735013008,0.586178698,399.0384827,0.58617866
0.762537498,416.0856323,0.762537718,0.561624362,418.7749634,0.561624289
0.717339233,415.6999512,0.717339396,0.517751496,403.60672,0.517751455
0.725923876,416.7724304,0.725923777,0.511985251,411.1061096,0.511985242
0.716814981,414.9733887,0.716814995,0.531449015,405.5418396,0.53144908
0.738702933,418.7654114,0.738703072,0.631728142,405.7835388,0.631728113
0.730591001,419.1004639,0.73059088,0.500501578,411.8078003,0.500501573
0.729032527,422.6700134,0.729032695,0.560061581,417.2886658,0.560061514
0.726890084,419.9751892,0.726890087,0.614806679,405.3532715,0.614806712
0.710097215,423.5750427,0.710097253,0.534691843,415.2475891,0.534691811
0.733591476,423.7105408,0.733591616,0.513860548,411.1701965,0.513860583
0.698984391,421.9907532,0.698984325,0.523538516,426.2185059,0.52353853
0.724901998,426.7322388,0.724902034,0.525241017,411.635376,0.525241137
0.707235691,424.9318848,0.707235873,0.515292291,411.0881348,0.515292406
0.681907648,423.3529358,0.681907415,0.572301839,410.6893616,0.572301865
0.704539808,426.7575378,0.704540014,0.493387791,416.8406982,0.493387848
0.689801486,428.586853,0.689801514,0.498121409,419.2128601,0.498121381
0.720638854,431.0102539,0.72063899,0.513508721,417.4295654,0.513508737
0.705,430.0192566,0.705000103,0.523121521,417.6876831,0.523121476
0.668650549,422.3237,0.668650568,0.483023795,414.3458252,0.483023882
0.679981195,415.1521606,0.679981232,0.496354573,398.7368774,0.49635464
0.708716269,412.7999268,0.708716333,0.522957396,403.7739258,0.522957325
0.693939072,408.5118408,0.693939269,0.528528824,397.4566345,0.52852875
0.701960836,410.7666321,0.701960862,0.48715515,399.5829468,0.487155139
0.689294905,411.3059692,0.689294815,0.47952344,402.1911316,0.47952345
0.717539989,410.6836243,0.717539966,0.46522026,406.7853394,0.465220213
0.734111364,416.2671509,0.734111428,0.517940789,403.0025635,0.517940819
0.70115497,416.2192078,0.701154888,0.499540813,412.062439,0.499540806
0.695308843,413.0950012,0.695308805,0.468299808,402.30896,0.468299747
0.678323975,414.944397,0.678323925,0.525615379,411.7966614,0.525615394
0.677049866,414.1907654,0.677049756,0.484008315,408.5979309,0.484008402
0.692955297,416.6100769,0.692955494,0.471058138,407.1705017,0.47105816
0.680004601,414.1730347,0.680004716,0.471899216,408.3088989,0.471899211
0.681794352,417.8782349,0.681794167,0.505102661,407.1108704,0.505102694
0.680260794,420.0397034,0.680260777,0.47062889,408.6173401,0.470628917
0.677052949,417.5409851,0.677052915,0.449106739,410.9684143,0.449106783
0.67186536,418.4830627,0.671865523,0.46180022,409.6289063,0.461800247
0.686568605,420.5151978,0.686568677,0.442363745,414.335083,0.442363769
0.690464862,422.485199,0.690464914,0.478339516,409.6191101,0.478339493
0.725901343,423.9285583,0.725901365,0.467608791,413.8555298,0.46760878
0.658836302,419.9232483,0.658836365,0.512779538,418.6344604,0.512779534
0.656701315,421.0043945,0.656701148,0.492014818,409.5555115,0.492014796
0.661186658,424.2445068,0.661186516,0.475292708,413.0409241,0.475292683
0.632746614,420.213501,0.632746518,0.436181609,411.8768311,0.436181605
0.644626756,422.5679932,0.644626617,0.434894028,421.6960144,0.434894055
0.669061846,423.8020935,0.66906184,0.458461945,418.5215759,0.458462
0.687190112,427.4989929,0.687190115,0.479537698,417.4029541,0.479537696
0.644179182,426.6288452,0.644178927,0.452337296,426.2156982,0.452337205
0.697627003,426.6307373,0.697626889,0.48820138,429.1062927,0.48820141
0.670852348,421.5300598,0.670852125,0.448948117,417.4388123,0.448948085
0.690373413,413.129425,0.690373659,0.45642787,399.3851929,0.456427842
0.652513123,409.2325745,0.652513206,0.415602157,405.0046997,0.415602207
0.69533783,411.4103394,0.695337772,0.449507508,398.5557861,0.449507505
0.72742105,409.3569031,0.727421105,0.433271628,404.1986389,0.433271587
0.695787876,412.2970276,0.695787966,0.452079572,394.6005859,0.452079624
0.641892021,407.1914063,0.641892135,0.472972993,404.1854858,0.472973049
0.66552521,404.2160339,0.665525198,0.454904661,396.1575623,0.454904675
0.644794465,399.0384216,0.644794524,0.440985556,390.2130127,0.44098556
0.654628287,395.1288452,0.654628277,0.437724444,392.0157166,0.437724411
0.680276437,392.0421143,0.680276513,0.484084465,386.2397156,0.484084487
0.656575261,395.6057129,0.656575203,0.417294215,383.2431335,0.417294204
0.637438473,392.4159546,0.637438476,0.494476124,379.5925903,0.494476169
0.669012225,395.3260498,0.669012427,0.449827117,388.5853271,0.449827045
0.674929851,394.118988,0.674930155,0.419188121,382.5002441,0.419188082
0.623530538,391.4085388,0.623530567,0.461782651,394.534729,0.461782664
0.658929267,392.0140381,0.658929229,0.405463651,378.2603455,0.405463636
0.628172458,391.6698608,0.628172278,0.434170721,382.879303,0.434170693
0.638933462,391.1252747,0.638933182,0.399422114,381.5296631,0.399422169
0.66624471,392.4845581,0.666244924,0.414413521,394.5643921,0.414413571
0.634210751,393.6480408,0.634210706,0.419282625,381.5155945,0.419282615
0.623732912,393.2227478,0.623732924,0.403617525,386.1112671,0.403617501
0.658617932,397.2912598,0.658618093,0.485531653,381.4706726,0.485531628
0.65166392,395.8925171,0.651664078,0.448472385,384.9669189,0.448472351
0.638960725,396.2383118,0.6389606,0.382067433,395.7297974,0.382067412
0.624381809,394.7875366,0.624381781,0.429688621,385.0474854,0.429688722
0.635949084,394.3365173,0.635949194,0.381362697,391.766449,0.381362706
0.654567858,397.0412292,0.654567897,0.417398284,386.8005981,0.417398304
0.63710363,398.2023926,0.637103617,0.394522724,387.6430969,0.394522816
0.60535317,398.082428,0.605353236,0.380914359,384.6574402,0.38091439
0.678648512,395.441864,0.678648412,0.456934482,381.670105,0.456934482
0.637318761,379.750061,0.63731885,0.394792512,364.6104126,0.394792467
0.603825457,368.9259644,0.60382545,0.382124319,356.5868225,0.382124394
0.631203491,362.906189,0.631203532,0.36525072,359.521637,0.365250677
0.62582044,365.1119385,0.625820279,0.425988893,353.9247742,0.425988972
0.619985152,365.5715637,0.619985223,0.392608724,351.6765137,0.392608702
0.602297848,363.0823364,0.602297783,0.396869298,355.4090271,0.396869332
0.621528413,363.4579163,0.621528447,0.406925938,367.2617798,0.406926006
0.645981999,363.9421387,0.645981967,0.393983305,349.5727539,0.393983364
0.663143636,366.3338623,0.663143694,0.447238903,347.866394,0.447238922
0.615954306,364.4799805,0.61595434,0.364067796,352.0197144,0.364067823
0.613784242,359.3595276,0.613784492,0.382688347,366.3115845,0.382688344
0.605078872,365.0704651,0.605078697,0.367442202,349.2393494,0.36744225
0.623340388,365.575592,0.623340547,0.407715252,347.0098877,0.407715231
0.609174145,363.9274292,0.609173954,0.339614508,358.8296814,0.339614511
0.620467461,362.5316467,0.620467305,0.453907448,351.9625854,0.45390746
0.613841604,361.4535217,0.613841653,0.357037706,355.8072205,0.357037723
0.628910035,365.4253845,0.628909945,0.341605744,364.8956604,0.341605723
0.619137702,364.4598389,0.619137645,0.385852643,348.7879944,0.385852605
0.578040126,360.8869324,0.578040063,0.35723169,349.9790344,0.357231617
0.594921966,361.4654846,0.594921947,0.366850601,354.3431396,0.366850585
0.575430733,360.3894043,0.575430691,0.38555441,345.4902649,0.385554433
0.582362283,363.7271118,0.582362175,0.431727436,360.0649414,0.431727439
0.635463914,362.3912659,0.635463893,0.395792604,349.9036865,0.395792574
0.644717911,362.4324036,0.644718051,0.371077532,348.8478394,0.371077508
0.616249585,367.6496582,0.616249681,0.586749881,346.7784424,0.586749911
0.595756154,360.8588257,0.595756173,0.424242472,364.6629639,0.424242467
0.632707255,365.1956482,0.632707357,0.529468218,352.020874,0.529468238
0.581839576,361.8735352,0.581839383,0.362172399,351.8939819,0.362172425
0.613632508,362.8743896,0.61363256,0.33020202,357.612915,0.330202013
0.622478526,361.2849731,0.622478366,0.398522782,364.1494446,0.398522735
0.590989709,363.1232605,0.59098953,0.328324581,349.5432129,0.328324586
0.595091726,361.6452637,0.595091581,0.343129675,350.4094543,0.343129724
0.571973629,362.4245911,0.571973562,0.350008084,363.5106201,0.35000807
0.60447949,367.111908,0.604479611,0.319343847,353.1648865,0.319343835
0.600599997,364.4057617,0.600599885,0.415125743,351.8303528,0.415125728
0.60561852,363.9718933,0.605618477,0.343599988,351.2832642,0.343600035
0.647583946,363.8785095,0.64758414,0.416747377,350.0972595,0.416747361
0.601242833,365.359436,0.6012429,0.349163396,352.6672974,0.349163383
0.601524639,360.3540039,0.601524532,0.395559435,347.245575,0.39555946
0.599899727,361.8893738,0.59989965,0.328528139,347.6104431,0.328528166
0.599223129,361.5641174,0.599223018,0.306688498,353.9333191,0.306688488
0.554286925,361.4437866,0.554286957,0.322766553,352.8884888,0.322766513
0.594506241,365.7145081,0.594505906,0.337108337,351.5611572,0.337108374
0.610646109,364.1625671,0.610646129,0.391486499,354.99646,0.391486526
0.609571001,365.2979126,0.60957104,0.307765645,353.4986877,0.307765633
0.582143185,361.5980225,0.582143188,0.312728604,349.6225281,0.312728643
0.561096008,364.1906128,0.561096013,0.298653419,355.3754883,0.298653364
0.63475771,366.6185608,0.634757757,0.357167735,348.9250488,0.357167751
0.598735535,363.6836853,0.598735452,0.344953295,353.6011047,0.344953328
0.632277313,367.3689575,0.632277369,0.33085058,374.9440613,0.330850571
0.599280831,363.4508362,0.599280953,0.365107888,351.8499451,0.365107894
0.60732244,365.4554138,0.607322574,0.347686017,349.1317139,0.347685993
0.588774389,365.3352966,0.588774562,0.32827273,361.0491028,0.32827279
0.578373636,365.237915,0.578373671,0.325259488,352.9186401,0.325259507
0.59314864,365.1957092,0.593148708,0.331461931,357.2291565,0.331461906
0.552587795,362.3511353,0.552587807,0.333406173,351.7599792,0.33340615
0.595130318,364.6724548,0.595130205,0.310629718,359.1002197,0.310629696
0.539342329,363.7337036,0.539342284,0.292093561,357.2549133,0.292093575
0.587615938,362.4226379,0.587616026,0.347407874,354.2760315,0.347407877
0.598862498,363.2314758,0.598862469,0.30298429,357.4667358,0.302984267
0.534315687,366.2874756,0.534315705,0.274656333,354.5390625,0.274656296
0.549130168,362.5422058,0.549130023,0.281384603,356.8239136,0.281384617
0.558557501,363.1532288,0.558557451,0.324647122,350.0863647,0.324647099
0.541563096,361.42276,0.541563034,0.314117261,348.0183411,0.314117253
0.614340893,362.0632629,0.61434108,0.370632995,344.9710083,0.370632976
0.556765434,360.2876892,0.556765378,0.324916334,345.9391785,0.324916303
0.545427199,360.369751,0.545427084,0.273421714,346.8287354,0.273421705
0.580629703,362.5398865,0.580629528,0.301448929,348.0215149,0.301448911
0.56954939,363.9555664,0.569549203,0.325607713,346.2079468,0.325607747
0.514450315,361.5162964,0.514450192,0.312685995,352.2623901,0.312685996
0.585929258,363.6833801,0.585929275,0.296263135,355.5194397,0.296263099
0.552083288,361.545166,0.552083075,0.337670046,357.8674011,0.337670028
0.570759922,361.0135803,0.570759892,0.344826298,351.5410156,0.344826341
0.569387641,361.5406494,0.569387496,0.313488618,351.7781982,0.313488603
0.574087464,360.7438354,0.57408762,0.258650234,353.4515991,0.258650273
0.575838639,363.3057556,0.575838566,0.296481904,348.3006592,0.296481907
0.55994623,363.4753723,0.559946239,0.295719081,355.0066528,0.295719117
0.55964697,364.3162231,0.559646904,0.275960939,353.2709351,0.275960952
0.573715973,367.0286865,0.573716104,0.277491117,354.593811,0.277491152
0.588718474,365.3216553,0.588718474,0.395751296,358.8101807,0.395751297
0.545940151,361.4094238,0.545940042,0.284467639,360.4224243,0.284467638
0.573695567,363.104187,0.573695421,0.316218438,349.0739136,0.316218376
0.568721816,359.8054199,0.56872201,0.316067517,352.5348816,0.316067547
0.609467607,365.9674683,0.609467864,0.302394865,345.2162476,0.302394837
0.566636289,365.1350403,0.566636503,0.262450351,357.4822083,0.262450337
0.577661223,365.6482239,0.577661276,0.322671214,356.7076111,0.322671264
0.567137242,365.0894165,0.567137301,0.27606716,373.3071289,0.276067138
0.561881555,363.3615417,0.561881483,0.312400537,348.9234619,0.312400579
0.609908551,363.5982971,0.609908521,0.276562519,349.0283508,0.276562512
0.528568664,362.0456543,0.528568625,0.299251914,350.7115479,0.299251914
0.580525315,363.353241,0.580525219,0.269089684,353.1305542,0.269089669
0.544580873,362.2049255,0.544580936,0.264856517,356.8434753,0.264856547
0.58373897,363.7671814,0.583738923,0.28862622,356.7645874,0.288626224
0.541385486,363.079071,0.541385412,0.24499424,358.350708,0.244994268
0.58522922,366.4949951,0.585229278,0.332721293,352.0244141,0.332721233
0.534729124,363.6489868,0.534728825,0.243191222,360.1277161,0.243191212
0.550616645,365.3597412,0.550616562,0.25565508,349.377594,0.25565511
0.558542628,360.1685181,0.55854255,0.306399933,350.6719971,0.306399882
0.569108401,363.0432129,0.569108486,0.378170536,343.239502,0.37817052
0.557196111,365.135437,0.557196081,0.251278546,349.9967346,0.251278579
0.58464918,363.2720032,0.584649324,0.288664498,353.9405823,0.28866452
0.608311944,365.8173218,0.608311832,0.262272559,355.1967773,0.262272567
0.5341139,361.492981,0.534113884,0.295310851,344.1326599,0.295310825
0.557358781,361.1394958,0.557358801,0.274103935,349.7553101,0.274103969
0.575604369,364.0693359,0.57560432,0.364316162,351.7221069,0.364316195
0.576566317,359.8991089,0.57656616,0.251376746,355.7433777,0.251376748
0.548860083,362.1375427,0.548860133,0.23026701,349.683197,0.230267018
0.572477695,360.6289673,0.572477639,0.267704902,351.9395142,0.267704874
0.568170584,356.7138062,0.568170786,0.382686321,352.859375,0.382686257
0.552389181,362.5565186,0.552389026,0.232700244,353.6419373,0.232700273
0.565039346,362.2037048,0.565039277,0.266792383,352.2540588,0.266792357
0.545852715,364.0205383,0.545852661,0.261118364,353.6627197,0.261118352
0.589435794,362.1796875,0.589435577,0.303274674,346.6602783,0.303274632
0.578763324,361.9040222,0.578763127,0.302595288,348.4943848,0.302595288
0.541577763,363.4769287,0.541577935,0.237599133,348.8059998,0.23759912
0.544438233,360.4926758,0.544438422,0.268944561,356.2782898,0.268944532
0.527626337,359.6428833,0.527626455,0.264583765,348.6120911,0.264583766
0.529106334,361.5533142,0.529106319,0.349280496,342.511322,0.349280506
0.5721766,362.8485107,0.572176754,0.224583716,351.9180298,0.224583715
0.517794275,360.8516541,0.517794311,0.277290395,348.2849121,0.277290344
0.542087189,357.953186,0.542087078,0.236284487,344.9619446,0.23628442
0.562601651,357.9411621,0.562601626,0.280405409,346.3207092,0.280405432
0.539577454,361.9152527,0.539577484,0.245859365,347.8023071,0.245859355
0.553085262,357.3299561,0.553085268,0.308644622,349.3940125,0.308644593
0.512670819,353.319397,0.512670875,0.231754734,349.1875,0.231754735
0.539558477,355.2539978,0.539558351,0.27201852,347.3266602,0.272018522
0.561036706,359.2577515,0.561036646,0.240407766,349.9288635,0.240407765
0.558604357,357.4645691,0.558604419,0.236313614,349.6134033,0.236313641
0.570544186,358.9050598,0.570543885,0.309843046,343.7798157,0.309843004
0.529905148,357.1436462,0.5299052,0.301936731,353.734314,0.301936746
0.512101767,357.8044128,0.512101769,0.252116223,346.9668274,0.252116203
0.551227943,354.1311646,0.551227987,0.259823645,339.5300598,0.25982365
0.52853741,357.3340454,0.528537333,0.251010551,343.1365662,0.251010537
0.569727719,355.3972778,0.569727838,0.248770637,347.3004761,0.248770654
0.530348045,356.1755981,0.530347943,0.244230532,340.9251709,0.244230539
0.520119365,355.5495605,0.520119488,0.274743145,350.1889648,0.27474314
0.524693144,355.8478088,0.524693191,0.259758601,348.3242798,0.259758651
0.522997269,354.6131287,0.522997499,0.238899253,344.9832458,0.238899246
0.542154219,353.9391479,0.542154074,0.237964032,348.6912537,0.237964034
0.501915669,353.8110046,0.501915574,0.260546837,343.4257507,0.260546863
0.523327321,355.7449646,0.52332741,0.218331595,351.6228943,0.21833162
0.497825972,353.099823,0.497825921,0.266162619,343.8505859,0.266162634
0.577787755,353.8202515,0.577787757,0.215959449,342.2145081,0.21595943
0.573920147,350.1871643,0.57392019,0.226527287,339.4532471,0.226527318
0.523624008,353.6709595,0.523624003,0.221647805,341.4992371,0.221647799
0.537689266,352.62146,0.53768909,0.211722257,345.7431641,0.21172224
0.558207713,352.6234131,0.55820787,0.324452496,336.4764099,0.32445246
0.544844373,351.6630554,0.544844508,0.305872346,337.3865356,0.305872351
0.56859687,351.4159241,0.568597078,0.317468416,335.9291077,0.317468345
0.541702193,353.5813599,0.541702151,0.24775054,343.0048523,0.247750491
0.543248054,351.9214172,0.543248057,0.232862335,343.2336426,0.232862324
0.55380665,351.8182373,0.553806663,0.269403417,337.9614868,0.269403428
0.530961432,354.3077393,0.530961275,0.209663824,344.023407,0.209663838
0.541977162,348.5836182,0.541977227,0.386934268,334.4090576,0.38693428
0.564015741,350.2984619,0.564015925,0.263293471,340.0571594,0.263293475
0.534803246,351.2868652,0.534803391,0.247676884,336.3685303,0.247676879
0.567454351,351.7944641,0.567454219,0.222578494,340.3849487,0.222578496
0.536114835,351.3149109,0.536114812,0.227070611,341.9934998,0.227070585
0.540452744,352.8078308,0.540452778,0.247061804,336.9440308,0.247061774
0.498294953,348.6400146,0.49829492,0.241903169,338.4631958,0.241903171
0.531738033,349.2098389,0.531737864,0.27883197,329.9200134,0.278831989
0.509990248,349.6572876,0.509990335,0.242790952,341.2752075,0.242790967
0.555453725,349.078949,0.555453837,0.236262048,341.4414978,0.236262009
0.535168445,349.2373657,0.535168529,0.190978163,343.1341858,0.190978169
0.524240319,348.4169922,0.524240255,0.356197936,329.2778015,0.356197983
0.579560837,348.3841553,0.579560876,0.214929611,347.0554199,0.21492961
0.547122218,348.4888611,0.547122002,0.246771748,337.5979004,0.246771723
0.531260184,347.4403076,0.531260252,0.224371917,334.3038635,0.224371925
0.562855516,348.7198181,0.562855422,0.218423221,338.1590881,0.218423218
0.565218497,345.1939697,0.565218449,0.32081573,339.0623474,0.320815712
0.542096306,350.6006165,0.542096198,0.261726204,331.9815674,0.26172623
0.536342441,347.2958069,0.536342442,0.246516165,336.2391357,0.246516109
0.537729837,349.2904053,0.537729979,0.292519067,332.2257385,0.292519033
0.54353519,344.0176697,0.543535411,0.20797592,336.5507813,0.207975924
0.539406239,349.5966492,0.53940618,0.239357147,340.3842468,0.239357159
0.553182353,352.2227173,0.553182304,0.217793545,344.750885,0.217793554
0.4670611,347.9952087,0.467061132,0.185362651,340.6828003,0.185362637
0.533626405,344.4677124,0.533626676,0.22930402,340.9297485,0.229304031
0.526969017,346.4781799,0.526969075,0.250341743,333.4867859,0.250341713
0.540192699,348.2393799,0.540192664,0.243768711,331.4911804,0.243768707
0.558979801,348.7727966,0.558979869,0.189362611,339.7990112,0.189362615
0.501406566,348.3871765,0.501406491,0.192057141,340.4733582,0.192057133
0.548966273,349.3139648,0.548966289,0.327936355,338.2689209,0.327936292
0.526761035,350.6998901,0.526761055,0.265672114,338.0065613,0.265672117
0.563490856,350.7988586,0.563490927,0.286255146,360.6646423,0.286255181
0.520729145,352.5292969,0.520729125,0.228755652,347.1748657,0.228755668
0.554623922,352.1044617,0.554623783,0.212870016,348.124939,0.212870017
0.543798726,353.5115356,0.543798864,0.236265088,336.8268127,0.236265138
0.557830909,350.62854,0.557831109,0.35641312,347.813385,0.356413096
0.531845352,349.9824829,0.531845272,0.214172732,337.3446655,0.214172751
0.511956141,348.1173401,0.511956155,0.207557412,340.0380554,0.207557395
0.478499334,346.6129761,0.478499472,0.198482615,337.6807251,0.198482633
0.523683626,347.9899597,0.523683667,0.26121686,337.1715698,0.261216849
0.54986766,350.6720886,0.549867511,0.331853821,332.9543152,0.331853837
0.500331972,345.7046509,0.500332117,0.245167677,339.3667908,0.245167673
0.52521836,345.4469604,0.525218606,0.201843422,342.3844604,0.201843441
0.524461532,346.7832642,0.524461567,0.268646782,341.0080566,0.268646777
0.510121234,347.5171509,0.510121167,0.246955222,338.424469,0.246955231
0.541285278,346.5351257,0.541285336,0.250308471,336.6001587,0.250308484
0.553795025,346.7900696,0.55379504,0.245851153,333.8467102,0.245851174
0.502973709,346.2226563,0.502973795,0.2131396,336.0729675,0.213139623
0.534518554,347.9757996,0.53451854,0.205045985,339.6993408,0.205045998
0.536963124,348.4660645,0.536963165,0.210045069,340.6499634,0.210045069
0.510086216,344.929718,0.51008606,0.214354512,332.0032349,0.214354545
0.51628223,346.3021545,0.516282141,0.194053639,330.2036743,0.19405365
0.525116458,346.5022888,0.525116384,0.403981236,346.5990601,0.403981239
0.584842007,350.3710632,0.584841967,0.271286179,334.3913879,0.27128616
0.53381374,347.915863,0.533813715,0.256798844,340.0737,0.256798834
0.582896414,343.4292603,0.582896411,0.279984381,343.0925598,0.279984385
0.514507573,344.6004639,0.514507353,0.178713484,334.9796143,0.178713471
0.517764974,344.4491272,0.517764986,0.187101858,335.4072876,0.187101826
0.530562801,344.9468384,0.530562878,0.244535783,336.711792,0.244535819
0.523711131,343.9736633,0.523711205,0.24841568,334.0241089,0.248415679
0.540811545,346.6057434,0.54081136,0.23951515,337.1116333,0.239515141
0.493483752,344.1437073,0.493483633,0.192809232,336.3597717,0.192809239
0.516537449,344.660614,0.516537249,0.203599504,334.0722351,0.203599527
0.541284455,344.7044983,0.541284442,0.235130208,341.4012146,0.235130221
0.514462022,346.8734741,0.514461875,0.22300315,331.4883728,0.223003149
0.509853663,344.1520386,0.50985378,0.211886194,335.6695862,0.211886182
0.464824312,341.5630493,0.464824378,0.250765862,342.8109741,0.25076583
0.516085065,347.0632324,0.516084909,0.22165926,333.9216309,0.221659273
0.501299048,344.2024841,0.501299143,0.202687683,337.078949,0.202687666
0.551536172,344.5635681,0.551536202,0.207721869,340.2767944,0.207721904
0.543776213,344.2408752,0.543776095,0.189103728,334.482605,0.189103752
0.499858629,347.6877136,0.499858558,0.257429417,336.8573608,0.257429391
0.54285169,346.4502869,0.542851686,0.336207583,330.3053284,0.336207658
0.532586719,347.9887695,0.532586575,0.206013337,345.3688354,0.206013337
0.496822407,342.5129395,0.496822357,0.173058172,332.5102844,0.173058197
0.502797548,344.9430542,0.502797425,0.262668444,327.3234253,0.262668431
0.493147047,343.8498535,0.493147016,0.224613854,332.5834045,0.224613845
0.510283334,343.1221313,0.510283411,0.176728103,337.5523376,0.1767281
0.534088098,343.7495422,0.534088135,0.178931008,332.531311,0.178930983
0.525815257,343.3780518,0.525815368,0.170189213,338.9577637,0.170189202
0.562203274,343.739624,0.562203228,0.22572756,340.6398926,0.225727558
0.531355246,344.3923645,0.531355143,0.204989497,332.6090698,0.204989508
0.484085644,340.7277832,0.484085649,0.1841015,335.4215698,0.184101492
0.470000553,341.318634,0.470000386,0.175698174,337.2662048,0.175698176
0.528037618,343.723938,0.528037667,0.184593122,337.2342529,0.184593141
0.492288259,344.0444336,0.492288172,0.224195191,341.1429749,0.224195138
0.532325349,341.8657532,0.532325447,0.22719619,326.531189,0.227196217
0.492714672,341.5675354,0.492714703,0.170809699,327.0726929,0.170809701
0.561453657,342.7337341,0.561453581,0.316271006,322.978363,0.316270977
0.498548248,339.9531555,0.498548239,0.170910252,334.3562317,0.170910269
0.514482069,343.5967712,0.514482021,0.264934016,327.4884949,0.264933974
0.501862419,340.9786377,0.501862645,0.304129202,326.1196289,0.304129213
0.50821602,341.618988,0.508216083,0.222716114,336.7953796,0.222716108
0.484686874,341.2245178,0.484686852,0.176474575,334.7877808,0.176474556
0.469590726,341.4077759,0.469590724,0.202791687,336.6360168,0.202791691
0.435323938,337.1269226,0.435323983,0.17669128,332.5444641,0.176691279
0.492443171,338.4553528,0.492443115,0.220956885,333.6313171,0.220956862
0.519088637,338.6088257,0.519088447,0.191318805,327.8480835,0.19131881
0.498474428,340.7236328,0.49847427,0.21321536,334.151886,0.213215381
0.511021981,342.9613037,0.511021793,0.159618685,325.9602661,0.159618676
0.507486565,340.2380371,0.507486641,0.17554135,332.4608459,0.175541326
0.495755433,342.8322144,0.495755434,0.200359357,336.1046143,0.200359344
0.502651141,342.2558289,0.502651095,0.193836745,334.4252625,0.193836764
0.515199272,340.301178,0.515199423,0.294058969,333.5296936,0.294058949
0.552189418,342.6417236,0.552189529,0.199966473,332.2526855,0.19996649
0.499361076,342.6400146,0.499361098,0.21518508,335.2367554,0.215185061
0.550234242,345.6766357,0.550234318,0.191512153,333.8656616,0.191512153
0.49867239,343.3029175,0.498672426,0.176661894,336.9009399,0.176661879
0.536041197,342.8740234,0.536041141,0.215567021,330.746582,0.215567067
0.520517712,340.8947144,0.520517647,0.394082283,320.1137085,0.394082278
0.540343705,340.0763245,0.540343702,0.198396523,343.5638733,0.198396504
0.521339609,343.8827515,0.521339536,0.181584097,330.740509,0.181584075
0.463900675,339.3027954,0.463900626,0.156802625,330.7004395,0.156802624
0.4863731,340.1455078,0.486372888,0.188242042,327.3772888,0.188242033
0.527812409,340.1282349,0.527812362,0.18165583,334.7753601,0.181655854
0.538308711,343.2739868,0.538308561,0.197100966,333.5150757,0.197100982
0.503554885,340.04599,0.503554642,0.200054291,330.1805115,0.200054303
0.484212565,338.0250244,0.484212548,0.193748137,321.6473389,0.193748146
0.506575021,340.4423218,0.506575048,0.182139576,327.9975891,0.18213959
0.521293024,342.4570618,0.521292984,0.181021796,331.571991,0.18102181
0.486409901,338.332428,0.486409903,0.200674221,326.2167358,0.200674236
0.500357595,336.5185547,0.500357687,0.217169379,323.8576965,0.217169359
0.471233946,336.8945923,0.471233875,0.175874323,334.3825378,0.175874323
0.564057171,342.6887512,0.564057291,0.214340755,326.2583618,0.214340746
0.561490331,340.4768066,0.561490238,0.22318225,333.3087463,0.223182231
0.494664645,342.411377,0.49466455,0.216272881,321.2171631,0.216272905
0.467151076,337.6272278,0.467150986,0.180427181,323.76651,0.180427194
0.481448096,333.4643555,0.481448084,0.198654261,326.4472046,0.198654249
0.461433312,336.6297302,0.461433291,0.192944728,320.040802,0.192944765
0.532585459,336.9028625,0.532585621,0.195136825,323.7822571,0.19513683
0.491027756,336.2087708,0.491027772,0.19817466,322.0346985,0.198174641
0.53495538,332.598999,0.534955323,0.223398041,329.0080566,0.223398075
0.529831494,335.4645386,0.529831469,0.160730137,324.8785095,0.160730153
0.488736784,332.9840088,0.488736808,0.186318626,321.6741028,0.186318621
0.52035964,332.6988831,0.520359576,0.189859486,321.2282104,0.189859495
0.505290481,332.6157227,0.505290508,0.182259362,323.7026672,0.182259351
0.496602308,333.7672119,0.496602356,0.152680703,325.281311,0.152680695
0.560186781,335.1711121,0.560186744,0.276467587,333.9928589,0.276467592
0.496446803,332.9340515,0.496446878,0.207254512,324.4009094,0.207254514
0.52132151,335.300354,0.521321476,0.265673539,320.8901672,0.265673548
0.514332402,332.785614,0.514332533,0.245410366,313.1785889,0.245410323
0.494512064,331.0627747,0.494512111,0.198645625,322.9984131,0.198645636
0.473248788,332.5708618,0.47324878,0.192265948,321.5481873,0.192265943
0.523787328,333.605011,0.523787439,0.175727862,319.6187744,0.175727874
0.508565724,330.6514893,0.508565903,0.254329577,315.9127197,0.254329622
0.505339007,331.7237244,0.505338967,0.211749646,318.3226624,0.211749658
0.480660451,329.693512,0.480660647,0.154223768,326.4207764,0.154223755
0.50334764,330.405365,0.503347754,0.24629182,317.9458313,0.246291846
0.499108006,328.7486572,0.499107897,0.174945517,323.8736572,0.174945548
0.513644604,331.121582,0.513644695,0.220378196,322.5298462,0.22037822
0.487547897,328.7034607,0.487547845,0.151593824,324.5982056,0.151593819
0.562590181,333.196167,0.562590241,0.193441264,325.9180298,0.193441287
0.478288592,331.6319885,0.478288531,0.150078534,326.2724609,0.150078565
0.475369427,327.3683777,0.475369573,0.153518658,319.6582336,0.153518662
0.528286728,330.0324402,0.528286636,0.171187163,317.4530029,0.171187147
0.538618047,329.7784424,0.538617909,0.182471746,314.8866882,0.182471752
0.483774354,326.8405457,0.483774364,0.191270803,315.9247742,0.191270798
0.524869099,327.7729492,0.524868846,0.218987635,321.5746765,0.218987629
0.500802533,333.1355896,0.500802577,0.266265817,321.478241,0.266265839
0.464607028,330.9032898,0.46460709,0.164099409,317.5187378,0.16409941
0.545059644,330.1211243,0.545059681,0.162388473,322.8529968,0.162388459
0.533418774,334.0914612,0.533418834,0.241819818,324.8818359,0.241819829
0.473430369,333.6988831,0.473430336,0.155897553,322.6355896,0.155897558
0.49549868,331.3425598,0.495498687,0.166673143,322.8573608,0.166673139
0.527761308,334.0795898,0.527761161,0.225356387,326.4276123,0.225356415
0.44582104,329.8731995,0.445821106,0.140151697,320.20578,0.140151709
0.463876153,329.7049866,0.463876069,0.162598935,326.4242859,0.162598908
0.533413919,331.3529053,0.533414006,0.196522089,324.3157654,0.196522102
0.552337039,333.9440002,0.55233705,0.196430729,315.8888855,0.196430713
0.465275641,330.2075195,0.465275735,0.153615268,319.6331177,0.153615281
0.451394507,329.0492554,0.451394528,0.164038902,319.6105347,0.164038897
0.476929882,325.559967,0.476929843,0.149800381,318.8459167,0.149800405
0.489550326,326.5306091,0.489550292,0.195312924,310.6137695,0.195312902
0.513740711,326.8171387,0.513740778,0.200041908,317.9713745,0.200041875
0.496894911,327.2922363,0.496894926,0.262564923,314.2876892,0.262564898
0.453147462,324.5962524,0.453147411,0.184721372,319.3132629,0.184721366
0.468770362,327.5764771,0.468770266,0.155554779,326.1530151,0.155554771
0.467680705,332.8902893,0.467680603,0.169721283,318.1374512,0.169721261
0.543162027,331.7356567,0.543161988,0.192033095,323.7135315,0.192033067
0.532256479,331.4464111,0.532256484,0.272261153,322.95578,0.272261143
0.511572373,328.5997925,0.511572421,0.178052093,314.7958374,0.178052112
0.505002839,327.6644897,0.505002916,0.197769019,315.1341858,0.197769001
0.522417156,327.6557007,0.522417009,0.189826024,312.8734436,0.189826041
0.494896255,328.469635,0.494896084,0.174668903,317.6063843,0.174668908
0.51971849,330.0495605,0.519718528,0.183574285,320.9068604,0.183574259
0.495019856,328.2780151,0.495019883,0.222717166,322.4775391,0.222717211
0.535303651,330.7774353,0.535303414,0.17576609,320.0541382,0.175766081
0.453569163,327.3813477,0.453569084,0.160684813,317.306488,0.160684794
0.527360942,325.2106628,0.527361095,0.248431718,315.0005493,0.248431757
0.533610672,329.6096802,0.533610821,0.194168593,317.2597046,0.194168597
0.487907478,324.6435852,0.487907529,0.234041755,321.9636536,0.23404175
0.542365399,329.5490417,0.542365432,0.190248961,322.2396851,0.190248951
0.519182647,329.0475159,0.519182742,0.299866778,311.3292236,0.299866736
0.56726985,330.6512756,0.567269981,0.201830933,319.7535706,0.201830938
0.45659776,328.2790527,0.456597716,0.158042588,318.4720154,0.158042595
0.486744936,329.1325073,0.48674497,0.183040181,312.5481873,0.183040172
0.562553949,330.7709656,0.562553823,0.451272099,317.4070129,0.45127207
0.538403765,330.8879089,0.53840369,0.253590814,322.3126221,0.253590792
0.554182223,330.0278625,0.554182291,0.222048988,316.3747864,0.222049028
0.488388785,331.484436,0.488388777,0.211002265,323.8465881,0.21100229
0.509972742,329.1350403,0.509972751,0.157521713,322.1420593,0.15752171
0.503090512,329.3666992,0.503090441,0.164782738,323.1254272,0.164782763
0.483697548,327.767334,0.483697593,0.185251008,318.5360718,0.185251057
0.48198381,330.731842,0.481983632,0.210254236,313.223053,0.210254222
0.543207689,329.440979,0.543207645,0.178225055,324.2890625,0.178225055
0.525395244,330.2928162,0.525395334,0.16547313,320.351593,0.165473133
0.536604843,328.3768311,0.536604881,0.253763651,314.569397,0.253763676
0.488117014,327.6575317,0.48811695,0.124982793,316.9576111,0.124982789
0.559334533,328.3724365,0.559334576,0.230136443,319.561615,0.230136454
0.473800237,330.3791809,0.473800302,0.278142828,309.042511,0.278142869
0.511751671,327.5033875,0.511751831,0.172054202,315.2158203,0.172054172
0.51944453,330.644165,0.519444406,0.175823466,322.5124207,0.17582348
0.516501178,331.9164429,0.516501069,0.205251039,324.5265503,0.205251023
0.490514263,327.0074158,0.490514308,0.239155203,315.4502563,0.239155203
0.477564097,324.6542664,0.477564067,0.162672051,313.4526367,0.162672028
0.488513321,327.9611511,0.48851338,0.178038856,314.1052856,0.17803885
0.479705959,326.84729,0.47970587,0.133105726,317.4431152,0.133105725
0.488874877,325.1541138,0.488875061,0.190547695,315.2317505,0.190547705
0.486314102,327.8197632,0.486314267,0.209851768,310.0860291,0.209851757
0.531369505,331.6465149,0.531369567,0.228555288,327.039856,0.228555322
0.522931412,330.0516663,0.522931576,0.277054157,342.56073,0.277054161
0.510497552,328.6332092,0.51049763,0.177356123,322.3830566,0.177356154
0.482533865,330.2908936,0.482533783,0.147844412,315.9284973,0.147844404
0.50672691,328.2515869,0.506726921,0.199284033,313.7466431,0.199284032
0.504941762,329.7608643,0.504941702,0.182686018,318.9318848,0.182686031
0.502145628,325.8286133,0.502145648,0.219449494,323.3520813,0.21944949
0.463671848,324.5591125,0.463671923,0.246444541,316.0212402,0.246444553
0.480482541,325.8968506,0.480482608,0.206273084,316.3410645,0.206273124
0.515532111,327.5886841,0.515532255,0.156750077,322.4832153,0.156750068
0.464134178,327.4858704,0.464134037,0.130116818,317.8960876,0.130116835
0.496982336,328.300415,0.496982336,0.239432132,321.7539368,0.239432126
0.557856691,330.3301086,0.557856619,0.232116439,312.6036987,0.232116476
0.483244449,329.4581604,0.483244479,0.155242732,315.9439087,0.155242756
0.477995912,326.3414612,0.477995694,0.192131732,312.1419678,0.192131758
0.482040708,326.4038391,0.482040673,0.204826399,321.6771545,0.204826385
0.474055084,328.3531189,0.474055082,0.156689466,321.8602905,0.15668948
0.50738984,327.9670105,0.507389784,0.175585543,317.0151062,0.175585553
0.487754989,327.3579102,0.48775509,0.159269338,312.3025208,0.159269318
0.502882969,326.5915222,0.502882957,0.195460316,314.5661316,0.195460334
0.497705312,327.8855286,0.497705221,0.186537998,307.5529785,0.186537981
0.493359374,327.1292114,0.493359536,0.203172917,312.151886,0.203172907
0.493975724,326.7876892,0.493975818,0.17715908,316.8632202,0.177159071
0.472739203,326.3838806,0.472739458,0.217484289,324.8570557,0.217484325
0.489841869,325.447052,0.489842087,0.177255265,314.3020935,0.177255288
0.484149966,328.1055298,0.484149903,0.227247074,322.4276123,0.227247044
0.512959893,329.2755432,0.512959719,0.209363522,313.7203979,0.209363505
0.505775253,329.9363098,0.505775273,0.186405643,321.1860046,0.186405659
0.484246738,330.8023682,0.48424679,0.149074077,322.6865845,0.149074063
0.461359759,327.1581116,0.46135971,0.141052013,322.4243164,0.141052023
0.479136086,329.4290161,0.479136229,0.200508861,311.7076111,0.200508893
0.545410006,331.8707886,0.545410037,0.176127489,325.4786072,0.176127508
0.513030269,330.9982605,0.513030291,0.219078898,315.9404297,0.219078884
0.527911532,329.0630493,0.527911544,0.175247101,316.2375793,0.175247103
0.437289038,325.6676636,0.437289059,0.140956799,318.9501648,0.140956774
0.566149737,329.3329468,0.566149831,0.232089597,314.4284363,0.232089594
0.503344306,328.2981873,0.503344357,0.157883709,325.0501099,0.157883704
0.524738778,329.9559631,0.524738729,0.182511136,315.1522522,0.182511136
0.498940572,327.2115784,0.498940438,0.251956685,315.8980103,0.251956701
0.513154523,325.5379639,0.513154507,0.206421148,309.5492249,0.206421122
0.488629114,325.5638123,0.488629162,0.160944416,313.9598083,0.160944402
0.488144713,326.075592,0.488144577,0.215640274,306.2562866,0.215640262
0.51331238,327.0144653,0.51331228,0.143772999,315.5656738,0.143773004
0.497051363,325.8338318,0.497051358,0.153877199,317.0050049,0.153877199
0.497088587,328.6116333,0.497088522,0.146753574,317.2142944,0.146753564
0.481338082,325.7211914,0.481338084,0.180118747,312.4194336,0.180118725
0.492499778,325.4180298,0.492499799,0.175758947,311.9924622,0.175758958
0.457462137,324.7262268,0.457462221,0.103275308,316.1585693,0.103275314
0.475677889,323.2084045,0.475677729,0.162392532,315.0308533,0.162392527
0.519239649,325.1837158,0.519239664,0.187523559,313.4247131,0.187523559
0.556638575,325.992981,0.556638539,0.365626436,304.2324524,0.365626454
0.548013017,327.7643127,0.548013031,0.155359748,323.2944336,0.15535976
0.501677389,326.7910767,0.501677454,0.274600425,308.1687622,0.274600416
0.452233497,325.0673828,0.452233434,0.200680737,322.5484009,0.200680763
0.47793799,326.9511108,0.477938175,0.174137793,320.249939,0.174137786
0.461991208,322.8321228,0.46199137,0.190187987,318.7933044,0.190187976
0.477572276,326.0903931,0.477572352,0.180575991,313.3492126,0.180575982
0.491929577,327.2956848,0.491929531,0.177447919,322.0812073,0.177447915
0.502771752,326.1263428,0.502771854,0.150640254,321.1034851,0.150640264
0.524643335,327.4478455,0.524643362,0.185034554,318.6666565,0.185034588
0.453605617,323.9824829,0.453605503,0.160964726,310.8004456,0.160964698
0.459668464,327.3619385,0.459668368,0.203959837,326.584198,0.203959838
0.529983047,324.4182129,0.529982924,0.218899368,310.9623108,0.218899384
0.496295539,326.0218506,0.496295512,0.224219979,309.4289551,0.224220023
0.474495328,324.8073425,0.474495202,0.144042825,313.5796814,0.144042835
0.443901425,323.2655029,0.443901479,0.119781783,321.7940369,0.119781777
0.473558317,326.1990662,0.473558396,0.208544126,310.369812,0.20854412
0.475077841,325.983551,0.475077838,0.160054263,320.4222717,0.160054252
0.48938073,328.2723694,0.489380896,0.219340253,308.4894409,0.219340235
0.419204078,323.7084656,0.419204146,0.128559622,312.2478638,0.128559619
0.502209251,325.3578186,0.502209187,0.15048092,321.4274902,0.150480926
0.474818649,326.98349,0.474818647,0.140183641,315.2204285,0.140183613
0.484230188,325.8605042,0.48423031,0.293903826,303.2688293,0.293903798
0.485859009,324.9548645,0.485859185,0.164218664,313.3740845,0.164218664
0.503471719,322.4283142,0.503471851,0.202352381,319.6935425,0.202352375
0.50698596,329.4715271,0.506985962,0.239801086,309.6267395,0.239801079
0.480708462,325.0242615,0.48070845,0.346141788,305.0180359,0.346141785
0.501001116,325.1968384,0.501001298,0.187274785,311.9923706,0.187274799
0.506821277,326.4928894,0.506821334,0.259225045,336.2697144,0.259225041
0.448546495,328.5891418,0.44854635,0.235628321,309.5548096,0.235628352
0.478057712,328.6421204,0.478057861,0.14184417,313.2708435,0.141844139
0.512982212,326.0814209,0.51298213,0.181902971,319.5365601,0.18190296
0.480468408,325.2790222,0.480468303,0.126637172,314.5116272,0.126637176
0.517028574,325.7676392,0.51702857,0.17616403,310.6891174,0.176164061
0.514509157,325.0786438,0.514509201,0.154375457,313.8600464,0.154375479
0.494560758,325.4897461,0.494560778,0.206748212,316.4414978,0.206748188
0.490246134,325.286438,0.490246236,0.177135079,310.6459656,0.177135065
0.499716436,329.5385132,0.499716371,0.191214185,326.9060364,0.191214189
0.481414171,326.3192749,0.481414109,0.159859292,317.8156128,0.159859315
0.455182177,325.7447815,0.455182165,0.167185635,320.3993225,0.167185664
0.486788822,325.8041077,0.486788869,0.189947129,317.5050049,0.189947128
0.476416182,327.4179382,0.4764162,0.166814326,315.5232239,0.166814312
0.492759203,326.3174133,0.492759168,0.204076319,311.5016785,0.204076305
0.511936983,324.2542725,0.511936963,0.154596407,323.6974487,0.154596403
0.486548561,326.3257141,0.486548483,0.158298766,322.6792603,0.158298776
0.479878319,329.9349365,0.479878455,0.168784661,320.0550232,0.168784663
0.475251551,323.100708,0.475251526,0.191811601,308.225708,0.191811591
0.497160701,323.947052,0.497160703,0.217804001,311.3317261,0.21780403
0.538550825,327.1463013,0.538550854,0.213016952,314.7161255,0.213016942
0.556283016,328.3661804,0.556283057,0.24921776,307.9110413,0.249217778
0.481348148,324.0397644,0.481347889,0.168227348,321.5646667,0.16822733
0.458119351,324.4555359,0.458119273,0.174262296,321.2550354,0.174262315
0.482647219,327.7773438,0.482647121,0.186800938,315.8280334,0.186800927
0.464542645,324.2240601,0.464542717,0.159846669,311.0422974,0.159846678
0.524311746,324.6234741,0.5243119,0.279013004,309.442749,0.279013008
0.486343881,324.9030151,0.48634398,0.167313202,306.5560608,0.167313203
0.471130865,323.8882446,0.471130967,0.178778888,318.4562378,0.178778887
0.524983545,324.8385925,0.524983644,0.138897512,310.1550903,0.138897508
0.476821924,324.8048706,0.47682187,0.1587689,318.5197144,0.158768862
0.457526805,323.0966492,0.457526952,0.177910075,315.9170837,0.177910075
0.537248997,326.5156555,0.537249148,0.153428349,316.3196106,0.153428346
0.455100979,324.2060852,0.455100864,0.183711075,309.0576172,0.183711037
0.511156951,326.2517395,0.511156857,0.23733326,317.7565918,0.237333283
0.432979212,322.0490417,0.432979196,0.17813502,321.1655273,0.178135037
0.472042775,323.8346863,0.472042739,0.135700874,321.3661194,0.135700837
0.505207108,323.7173462,0.505207002,0.189480441,321.8339233,0.189480439
0.522271525,329.3631287,0.522271693,0.230601958,323.2488708,0.230601981
0.486897908,325.8142395,0.486897767,0.176283898,311.3143005,0.176283926
0.472000618,322.7791138,0.472000629,0.116959011,314.9590149,0.116958998
0.468420077,323.4138794,0.468420058,0.211424844,309.7316895,0.211424857
0.471122253,322.0513611,0.471122175,0.144357196,306.8196106,0.144357204
0.488093117,325.5565491,0.488093168,0.171228599,305.751709,0.171228588
0.507471601,325.6383972,0.507471561,0.22257421,314.6065063,0.222574249
0.46847783,325.5506897,0.468477726,0.141053087,315.0596313,0.141053095
0.468225213,323.826416,0.468225092,0.149141067,320.0600586,0.149141088
0.470209974,327.6491089,0.470209956,0.142986983,314.4223938,0.142986968
0.477352839,326.0632629,0.477352917,0.191882879,317.5736084,0.191882879
0.457747827,325.2605896,0.457747906,0.182595343,310.9122925,0.182595342
0.506118811,326.1517944,0.506118774,0.212176049,307.3674927,0.212176055
0.465428908,324.9795227,0.465428919,0.264374868,312.1614685,0.264374822
0.522310928,324.3614197,0.522311032,0.162953277,311.8994141,0.162953302
0.510346376,324.1551514,0.510346472,0.17182119,313.2013245,0.171821162
0.46635565,322.622345,0.466355652,0.165577971,309.755188,0.165577978
0.50162976,322.1655884,0.50162971,0.206178854,305.8370361,0.206178829
0.49702756,324.5296631,0.497027487,0.169040209,326.6636047,0.169040203
0.48763779,324.0583801,0.487637639,0.153236189,311.0976563,0.153236166
0.475243097,323.7240601,0.475243121,0.229795913,310.1036377,0.229795918
0.482402267,325.2139282,0.482402384,0.154207279,318.6211243,0.154207304
0.480603972,324.5089417,0.480604053,0.196869015,329.4917603,0.196869016
0.483857465,329.5299072,0.483857572,0.151263683,315.3468323,0.151263714
0.462729464,326.1439514,0.462729394,0.193870415,322.33255,0.193870395
0.483920386,326.1547546,0.483920455,0.168904395,312.2420654,0.168904439
0.466162986,326.5175171,0.466163039,0.162169415,315.6206055,0.162169397
0.487578418,325.5085754,0.487578332,0.207781308,320.2286377,0.20778133
0.484695822,323.735321,0.484695762,0.195379005,307.4294128,0.195379019
0.504527165,324.1065369,0.504527032,0.219198541,314.4324646,0.219198555
0.496351165,323.1349792,0.496351212,0.176350878,313.2229614,0.176350862
0.504423423,327.2242126,0.50442344,0.176468676,312.7576599,0.1764687
0.493729562,325.1661377,0.493729502,0.169005051,311.640564,0.169005051
0.508143289,324.096405,0.508143365,0.202697797,306.6300354,0.202697828
0.497465661,324.8896484,0.497465521,0.145608068,317.4294739,0.145608068
0.430303333,322.2954102,0.430303335,0.115889753,317.3933716,0.115889773
0.451754205,323.6091614,0.451754153,0.145227149,319.2782593,0.145227134
0.514285737,324.7731934,0.514285803,0.194459888,313.0489197,0.19445987
0.488043419,324.122345,0.488043696,0.191294624,311.2585449,0.191294625
0.462032543,323.6341858,0.462032557,0.126947186,309.0259705,0.126947179
0.499612346,323.4768677,0.49961254,0.177355627,311.50354,0.177355587
0.45737481,321.5326843,0.457374841,0.157897665,310.9507141,0.157897651
0.472581352,324.3158569,0.472581238,0.179611578,318.419281,0.179611593
0.446920391,324.2687378,0.446920305,0.160046546,311.4110107,0.160046518
0.486863019,322.0978088,0.486863047,0.190033635,318.6657715,0.19003363
0.476053477,324.1827087,0.476053476,0.141779757,316.4985352,0.141779751
0.458759221,322.4671631,0.458759189,0.202301365,310.9039917,0.202301383
0.498626728,323.3157349,0.498626709,0.169772471,319.0532227,0.169772491
0.455998031,324.8556213,0.455998003,0.186044622,312.6044006,0.186044604
0.446491086,322.0317688,0.446491003,0.15115668,315.9765625,0.151156709
0.517922956,325.913147,0.517922759,0.190005925,313.7259827,0.190005928
0.481839459,322.6857605,0.481839538,0.173021024,318.6552734,0.173020989
0.490236355,325.6407166,0.490236372,0.184735004,308.5757141,0.18473503
0.454258998,322.7652893,0.454258889,0.164263969,312.6757202,0.164263979
0.512728456,322.5069885,0.512728512,0.16667104,317.1700745,0.166671038
0.524729705,325.4847107,0.524729609,0.211528254,308.6643677,0.211528242
0.484438476,324.9873657,0.484438539,0.134676922,308.922699,0.134676918
0.520531077,324.5407715,0.520531178,0.156138991,315.3259277,0.156138971
0.498150522,323.3747864,0.498150587,0.199364235,314.5539246,0.199364275
0.492563727,329.1958618,0.492563486,0.136940546,313.3825378,0.136940554
0.463110167,322.1593018,0.463110209,0.147930384,314.4514771,0.147930413
0.404219013,319.3666687,0.404219091,0.110646295,311.763916,0.1106463
0.509449997,324.1987305,0.509450197,0.16416248,315.5657959,0.164162472
0.482859888,324.1881714,0.48285982,0.15799884,314.6286011,0.15799883
0.459951445,323.1954651,0.459951311,0.140618611,310.1895142,0.140618607
0.510417477,326.5374451,0.510417461,0.178649356,314.3668823,0.178649336
0.5376336,325.8511353,0.537633598,0.192475177,307.4224243,0.1924752
0.476119002,325.5877991,0.476118892,0.203201383,310.3373413,0.203201398
0.53286831,329.9507141,0.532868266,0.212130728,314.1397705,0.21213071
0.470007894,324.607666,0.470007867,0.149517411,322.3093872,0.149517402
0.475358914,322.3062439,0.475359082,0.202512935,318.5718994,0.20251292
0.423849208,322.1514893,0.423849165,0.13199119,312.1743774,0.131991193
0.499841904,325.2516479,0.499841899,0.25476083,323.5541077,0.254760861
0.479538488,322.4769897,0.47953853,0.16798213,307.7672729,0.167982146
0.431336684,319.3789368,0.431336582,0.148064101,309.9006653,0.148064107
0.466236159,322.645874,0.466236025,0.178543438,315.4229431,0.178543448
0.436670761,320.1740112,0.43667081,0.149176259,314.3873901,0.14917627
0.469518231,321.8572998,0.469518274,0.14593391,308.7351074,0.145933911
0.461499718,320.1064758,0.461499661,0.153680233,311.4813538,0.15368022
0.438137737,320.7027283,0.4381378,0.112489044,308.6096191,0.112489022
0.485872745,324.366272,0.485872597,0.233129131,315.5541077,0.233129144
0.46997148,322.1191101,0.469971478,0.147819151,312.8849182,0.147819147
0.495276596,321.4863586,0.49527657,0.146212425,325.6254883,0.146212429
0.498796658,327.4356384,0.498796523,0.126954974,315.397522,0.126954958
0.453859004,322.0842896,0.453858942,0.182034043,307.7686462,0.182034031
0.480150551,322.6647339,0.48015058,0.163988066,307.6744385,0.163988084
0.511898047,322.455658,0.511898041,0.194831219,307.6025085,0.194831222
0.475476966,322.1397095,0.47547695,0.199088709,304.974884,0.199088678
0.46776042,320.8887939,0.467760503,0.142825948,310.5649109,0.142825946
0.495011413,325.3029175,0.495011538,0.165881243,308.5834045,0.165881246
0.490536502,320.9199829,0.490536511,0.207276772,311.4458923,0.207276776
0.459921516,319.2014465,0.459921539,0.148812832,310.8019104,0.14881283
0.506511362,321.3743591,0.506511211,0.172679145,313.8364868,0.172679156
